site,subsite,pit,pitID,depth,root
CA,MC,M,CAMCM,1,0.59
CA,MC,M,CAMCM,2,0.7
CA,MC,M,CAMCM,3,0.63
CA,MC,M,CAMCM,4,0.76
CA,MC,M,CAMCM,5,0.4
CA,MC,M,CAMCM,6,0.5
CA,MC,M,CAMCM,7,0.46
CA,MC,M,CAMCM,8,0.5
CA,MC,M,CAMCM,9,0.5
CA,MC,M,CAMCM,10,0.44
CA,MC,M,CAMCM,11,0.97
CA,MC,M,CAMCM,12,0.91
CA,MC,M,CAMCM,13,0.82
CA,MC,M,CAMCM,14,0.87
CA,MC,M,CAMCM,15,0.84
CA,MC,M,CAMCM,16,0.84
CA,MC,M,CAMCM,17,0.44
CA,MC,M,CAMCM,18,0.57
CA,MC,M,CAMCM,19,0.46
CA,MC,M,CAMCM,20,0.67
CA,MC,M,CAMCM,21,0.78
CA,MC,M,CAMCM,22,0.7
CA,MC,M,CAMCM,23,0.78
CA,MC,M,CAMCM,24,0.74
CA,MC,M,CAMCM,25,0.7
CA,MC,M,CAMCM,26,0.74
CA,MC,M,CAMCM,27,0.67
CA,MC,M,CAMCM,28,0.74
CA,MC,M,CAMCM,29,0.67
CA,MC,M,CAMCM,30,0.67
CA,MC,M,CAMCM,31,0.67
CA,MC,M,CAMCM,32,0.7
CA,MC,M,CAMCM,33,0.57
CA,MC,M,CAMCM,34,0.7
CA,MC,M,CAMCM,35,0.59
CA,MC,M,CAMCM,36,0.68
CA,MC,M,CAMCM,37,0.5
CA,MC,M,CAMCM,38,0.63
CA,MC,M,CAMCM,39,0.63
CA,MC,M,CAMCM,40,0.72
CA,MC,M,CAMCM,41,0.88
CA,MC,M,CAMCM,42,0.7
CA,MC,M,CAMCM,43,0.79
CA,MC,M,CAMCM,44,0.77
CA,MC,M,CAMCM,45,0.7
CA,MC,M,CAMCM,46,0.77
CA,MC,M,CAMCM,47,0.68
CA,MC,M,CAMCM,48,0.7
CA,MC,M,CAMCM,49,0.68
CA,MC,M,CAMCM,50,0.66
CA,MC,M,CAMCM,51,0.66
CA,MC,M,CAMCM,52,0.68
CA,MC,M,CAMCM,53,0.7
CA,MC,M,CAMCM,54,0.66
CA,MC,M,CAMCM,55,0.59
CA,MC,M,CAMCM,56,0.68
CA,MC,M,CAMCM,57,0.66
CA,MC,M,CAMCM,58,0.52
CA,MC,M,CAMCM,59,0.37
CA,MC,M,CAMCM,60,0.5
CA,MC,M,CAMCM,61,0.43
CA,MC,M,CAMCM,62,0.5
CA,MC,M,CAMCM,63,0.63
CA,MC,R,CAMCR,1,1.1
CA,MC,R,CAMCR,2,1.08
CA,MC,R,CAMCR,3,1.03
CA,MC,R,CAMCR,4,1.06
CA,MC,R,CAMCR,5,0.66
CA,MC,R,CAMCR,6,0.67
CA,MC,R,CAMCR,7,0.64
CA,MC,R,CAMCR,8,0.6
CA,MC,R,CAMCR,9,0.54
CA,MC,R,CAMCR,10,0.64
CA,MC,R,CAMCR,11,0.86
CA,MC,R,CAMCR,12,0.9
CA,MC,R,CAMCR,13,0.91
CA,MC,R,CAMCR,14,0.88
CA,MC,R,CAMCR,15,0.84
CA,MC,R,CAMCR,16,0.8
CA,MC,R,CAMCR,17,0.97
CA,MC,R,CAMCR,18,0.84
CA,MC,R,CAMCR,19,0.88
CA,MC,R,CAMCR,20,0.86
CA,MC,R,CAMCR,21,0.79
CA,MC,R,CAMCR,22,0.79
CA,MC,R,CAMCR,23,0.79
CA,MC,R,CAMCR,24,0.79
CA,MC,R,CAMCR,25,0.8
CA,MC,R,CAMCR,26,0.9
CA,MC,R,CAMCR,27,0.87
CA,MC,R,CAMCR,28,0.91
CA,MC,R,CAMCR,29,0.89
CA,MC,R,CAMCR,30,0.76
CA,MC,R,CAMCR,31,0.78
CA,MC,R,CAMCR,32,0.91
CA,MC,R,CAMCR,33,0.74
CA,MC,R,CAMCR,34,0.74
CA,MC,R,CAMCR,35,0.63
CA,MC,R,CAMCR,36,0.61
CA,MC,R,CAMCR,37,0.7
CA,MC,R,CAMCR,38,0.67
CA,MC,R,CAMCR,39,0.63
CA,MC,R,CAMCR,40,0.59
CA,MC,R,CAMCR,41,0.61
CA,MC,R,CAMCR,42,0.42
CA,MC,R,CAMCR,43,0.48
CA,MC,R,CAMCR,44,0.54
CA,MC,R,CAMCR,45,0.43
CA,MC,R,CAMCR,46,0.48
CA,MC,R,CAMCR,47,0.56
CA,MC,R,CAMCR,48,0.48
CA,MC,R,CAMCR,49,0.6
CA,MC,R,CAMCR,50,0.47
CA,MC,R,CAMCR,51,0.31
CA,MC,R,CAMCR,52,0.37
CA,MC,R,CAMCR,53,0.56
CA,MC,R,CAMCR,54,0.56
CA,MC,R,CAMCR,55,0.43
CA,MC,R,CAMCR,56,0.45
CA,MC,R,CAMCR,57,0.45
CA,MC,R,CAMCR,58,0.37
CA,MC,R,CAMCR,59,0.43
CA,MC,R,CAMCR,60,0.31
CA,MC,R,CAMCR,61,0.45
CA,MC,R,CAMCR,62,0.41
CA,MC,R,CAMCR,63,0.43
CA,MC,R,CAMCR,64,0.39
CA,MC,R,CAMCR,65,0.43
CA,MC,R,CAMCR,66,0.43
CA,MC,R,CAMCR,67,0.31
CA,MC,R,CAMCR,68,0.31
CA,MC,R,CAMCR,69,0.31
CA,MC,R,CAMCR,70,0.43
CA,MC,R,CAMCR,71,0.45
CA,MC,R,CAMCR,72,0.45
CA,MC,R,CAMCR,73,0.37
CA,MC,R,CAMCR,74,0.7
CA,MC,R,CAMCR,75,0.64
CA,MC,R,CAMCR,76,0.66
CA,MC,R,CAMCR,77,0.6
CA,MC,R,CAMCR,78,0.4
CA,MC,R,CAMCR,79,0.53
CA,MC,R,CAMCR,80,0.36
CA,MC,R,CAMCR,81,0.41
CA,MC,R,CAMCR,82,0.47
CA,MC,R,CAMCR,83,0.62
CA,MC,R,CAMCR,84,0.62
CA,MC,R,CAMCR,85,0.45
CA,MC,R,CAMCR,86,0.47
CA,MC,R,CAMCR,87,0.62
CA,MC,R,CAMCR,88,0.56
CA,MC,R,CAMCR,89,0.62
CA,MC,R,CAMCR,90,0.69
CA,MC,R,CAMCR,91,0.8
CA,MC,R,CAMCR,92,0.69
CA,MC,R,CAMCR,93,0.71
CA,MC,T,CAMCT,1,0.75
CA,MC,T,CAMCT,2,0.83
CA,MC,T,CAMCT,3,0.72
CA,MC,T,CAMCT,4,0.69
CA,MC,T,CAMCT,5,0.37
CA,MC,T,CAMCT,6,0.35
CA,MC,T,CAMCT,7,0.34
CA,MC,T,CAMCT,8,0.4
CA,MC,T,CAMCT,9,0.35
CA,MC,T,CAMCT,10,0.31
CA,MC,T,CAMCT,11,0.54
CA,MC,T,CAMCT,12,0.62
CA,MC,T,CAMCT,13,0.64
CA,MC,T,CAMCT,14,0.7
CA,MC,T,CAMCT,15,0.7
CA,MC,T,CAMCT,16,0.81
CA,MC,T,CAMCT,17,0.83
CA,MC,T,CAMCT,18,0.81
CA,MC,T,CAMCT,19,0.85
CA,MC,T,CAMCT,20,0.88
CA,MC,T,CAMCT,21,0.8
CA,MC,T,CAMCT,22,0.64
CA,MC,T,CAMCT,23,0.69
CA,MC,T,CAMCT,24,0.58
CA,MC,T,CAMCT,25,0.58
CA,MC,T,CAMCT,26,0.59
CA,MC,T,CAMCT,27,0.61
CA,MC,T,CAMCT,28,0.58
CA,MC,T,CAMCT,29,0.56
CA,MC,T,CAMCT,30,0.77
CA,MC,T,CAMCT,31,0.73
CA,MC,T,CAMCT,32,0.7
CA,MC,T,CAMCT,33,0.75
CA,MC,T,CAMCT,34,0.67
CA,MC,T,CAMCT,35,0.59
CA,MC,T,CAMCT,36,0.77
CA,MC,T,CAMCT,37,0.73
CA,MC,T,CAMCT,38,0.59
CA,MC,T,CAMCT,39,0.53
CA,MC,T,CAMCT,40,0.4
CA,MC,T,CAMCT,41,0.39
CA,MC,T,CAMCT,42,0.29
CA,MC,T,CAMCT,43,0.43
CA,MC,T,CAMCT,44,0.29
CA,MC,T,CAMCT,45,0.37
CA,MC,T,CAMCT,46,0.26
CA,MC,T,CAMCT,47,0.43
CA,MC,T,CAMCT,48,0.48
CA,MC,T,CAMCT,49,0.48
CA,MC,T,CAMCT,50,0.45
CA,MC,T,CAMCT,51,0.43
CA,MC,T,CAMCT,52,0.42
CA,MC,T,CAMCT,53,0.4
CA,MC,T,CAMCT,54,0.34
CA,MC,T,CAMCT,55,0.25
CA,MC,T,CAMCT,56,0.26
CA,MC,T,CAMCT,57,0.21
CA,MC,T,CAMCT,58,0.17
CA,MC,T,CAMCT,59,0.23
CA,MC,T,CAMCT,60,0.21
CA,MC,T,CAMCT,61,0.3
CA,MC,T,CAMCT,62,0.37
CA,MC,T,CAMCT,63,0.32
CA,MC,T,CAMCT,64,0.28
CA,MC,T,CAMCT,65,0.21
CA,MC,T,CAMCT,66,0.25
CA,MC,T,CAMCT,67,0.23
CA,MC,T,CAMCT,68,0.35
CA,MC,T,CAMCT,69,0.23
CA,MC,T,CAMCT,70,0.25
CA,MC,T,CAMCT,71,0.35
CA,MC,T,CAMCT,72,0.3
CA,MC,T,CAMCT,73,0.32
CA,MC,T,CAMCT,74,0.37
CA,MC,T,CAMCT,75,0.37
CA,MC,T,CAMCT,76,0.43
CA,MC,T,CAMCT,77,0.52
CA,MC,T,CAMCT,78,0.35
CA,MC,T,CAMCT,79,0.5
CA,MC,T,CAMCT,80,0.39
CA,MC,T,CAMCT,81,0.35
CA,MC,T,CAMCT,82,0.52
CA,MC,T,CAMCT,83,0.43
CA,MC,T,CAMCT,84,0.48
CA,MC,T,CAMCT,85,0.57
CA,MC,T,CAMCT,86,0.39
CA,MC,T,CAMCT,87,0.41
CA,MC,T,CAMCT,88,0.39
CA,MC,T,CAMCT,89,0.45
CA,MC,T,CAMCT,90,0.4
CA,MC,T,CAMCT,91,0.47
CA,MC,T,CAMCT,92,0.53
CA,MC,T,CAMCT,93,0.47
CA,MC,T,CAMCT,94,0.36
CA,MC,T,CAMCT,95,0.3
CA,MC,T,CAMCT,96,0.25
CA,MC,T,CAMCT,97,0.31
CA,MC,T,CAMCT,98,0.18
CA,MC,T,CAMCT,99,0.27
CA,MC,T,CAMCT,100,0.23
CA,MC,T,CAMCT,101,0.27
CA,MC,T,CAMCT,102,0.29
CA,MC,T,CAMCT,103,0.31
CA,MC,T,CAMCT,104,0.29
CA,MC,T,CAMCT,105,0.25
CA,MC,T,CAMCT,106,0.23
CA,MC,T,CAMCT,107,0.27
CA,MC,T,CAMCT,108,0.37
CA,MC,T,CAMCT,109,0.39
CA,MC,T,CAMCT,110,0.22
CA,MC,T,CAMCT,111,0.26
CA,MC,T,CAMCT,112,0.2
CA,MC,T,CAMCT,113,0.28
CA,MC,T,CAMCT,114,0.53
CA,MC,T,CAMCT,115,0.45
CA,MC,T,CAMCT,116,0.51
CA,MC,T,CAMCT,117,0.69
CA,MC,T,CAMCT,118,0.47
CA,MC,T,CAMCT,119,0.41
CA,MC,T,CAMCT,120,0.31
CA,MC,T,CAMCT,121,0.41
CA,SD,T,CASDT,1,0.52
CA,SD,T,CASDT,2,0.59
CA,SD,T,CASDT,3,0.75
CA,SD,T,CASDT,4,0.7
CA,SD,T,CASDT,5,0.47
CA,SD,T,CASDT,6,0.35
CA,SD,T,CASDT,7,0.27
CA,SD,T,CASDT,8,0.28
CA,SD,T,CASDT,9,0.28
CA,SD,T,CASDT,10,0.3
CA,SD,T,CASDT,11,0.41
CA,SD,T,CASDT,12,0.45
CA,SD,T,CASDT,13,0.42
CA,SD,T,CASDT,14,0.52
CA,SD,T,CASDT,15,0.47
CA,SD,T,CASDT,16,0.45
CA,SD,T,CASDT,17,0.45
CA,SD,T,CASDT,18,0.45
CA,SD,T,CASDT,19,0.52
CA,SD,T,CASDT,20,0.44
CA,SD,T,CASDT,21,0.59
CA,SD,T,CASDT,22,0.61
CA,SD,T,CASDT,23,0.47
CA,SD,T,CASDT,24,0.47
CA,SD,T,CASDT,25,0.55
CA,SD,T,CASDT,26,0.48
CA,SD,T,CASDT,27,0.35
CA,SD,T,CASDT,28,0.47
CA,SD,T,CASDT,29,0.44
CA,SD,T,CASDT,30,0.61
CA,SD,T,CASDT,31,0.54
CA,SD,T,CASDT,32,0.36
CA,SD,T,CASDT,33,0.39
CA,SD,T,CASDT,34,0.39
CA,SD,T,CASDT,35,0.44
CA,SD,T,CASDT,36,0.54
CA,SD,T,CASDT,37,0.54
CA,SD,T,CASDT,38,0.52
CA,SD,T,CASDT,39,0.59
CA,SD,T,CASDT,40,0.37
CA,SD,T,CASDT,41,0.59
CA,SD,T,CASDT,42,0.59
CA,SD,T,CASDT,43,0.55
CA,SD,T,CASDT,44,0.43
CA,SD,T,CASDT,45,0.57
CA,SD,T,CASDT,46,0.41
CA,SD,T,CASDT,47,0.52
CA,SD,T,CASDT,48,0.41
CA,SD,T,CASDT,49,0.43
CA,SD,T,CASDT,50,0.46
CA,SD,T,CASDT,51,0.34
CA,SD,T,CASDT,52,0.43
CA,SD,T,CASDT,53,0.39
CA,SD,T,CASDT,54,0.54
CA,SD,T,CASDT,55,0.55
CA,SD,T,CASDT,56,0.48
CA,SD,T,CASDT,57,0.45
CA,SD,T,CASDT,58,0.43
CA,SD,T,CASDT,59,0.52
CA,SD,T,CASDT,60,0.45
CA,SD,T,CASDT,61,0.48
CA,SD,T,CASDT,62,0.46
CA,SD,T,CASDT,63,0.46
CA,SD,T,CASDT,64,0.5
CA,SD,T,CASDT,65,0.43
CA,SD,T,CASDT,66,0.48
CA,SD,T,CASDT,67,0.45
CA,SD,T,CASDT,68,0.54
CA,SD,T,CASDT,69,0.45
CA,SD,T,CASDT,70,0.43
CA,SD,T,CASDT,71,0.41
CA,SD,T,CASDT,72,0.41
CA,SD,T,CASDT,73,0.41
CA,SD,T,CASDT,74,0.5
CA,SD,T,CASDT,75,0.5
CA,SD,T,CASDT,76,0.42
CA,SD,T,CASDT,77,0.38
CA,SD,T,CASDT,78,0.31
CA,SD,T,CASDT,79,0.26
CA,SD,T,CASDT,80,0.43
CA,SD,T,CASDT,81,0.54
CA,SD,T,CASDT,82,0.38
CA,SD,T,CASDT,83,0.33
CA,SD,T,CASDT,84,0.49
CA,SD,T,CASDT,85,0.47
LUQ,EV,M,LUQEVM,1,0.8
LUQ,EV,M,LUQEVM,2,0.9
LUQ,EV,M,LUQEVM,3,0.95
LUQ,EV,M,LUQEVM,4,0.92
LUQ,EV,M,LUQEVM,5,0.68
LUQ,EV,M,LUQEVM,6,0.68
LUQ,EV,M,LUQEVM,7,0.75
LUQ,EV,M,LUQEVM,8,0.7
LUQ,EV,M,LUQEVM,9,0.65
LUQ,EV,M,LUQEVM,10,0.7
LUQ,EV,M,LUQEVM,11,0.62
LUQ,EV,M,LUQEVM,12,0.6
LUQ,EV,M,LUQEVM,13,0.8
LUQ,EV,M,LUQEVM,14,0.8
LUQ,EV,M,LUQEVM,15,0.68
LUQ,EV,M,LUQEVM,16,0.72
LUQ,EV,M,LUQEVM,17,0.88
LUQ,EV,M,LUQEVM,18,0.7
LUQ,EV,M,LUQEVM,19,0.7
LUQ,EV,M,LUQEVM,20,0.65
LUQ,EV,M,LUQEVM,21,0.82
LUQ,EV,M,LUQEVM,22,0.68
LUQ,EV,M,LUQEVM,23,0.72
LUQ,EV,M,LUQEVM,24,0.72
LUQ,EV,M,LUQEVM,25,0.75
LUQ,EV,M,LUQEVM,26,0.65
LUQ,EV,M,LUQEVM,27,0.68
LUQ,EV,M,LUQEVM,28,0.68
LUQ,EV,M,LUQEVM,29,0.6
LUQ,EV,M,LUQEVM,30,0.7
LUQ,EV,M,LUQEVM,31,0.65
LUQ,EV,M,LUQEVM,32,0.62
LUQ,EV,M,LUQEVM,33,0.6
LUQ,EV,M,LUQEVM,34,0.7
LUQ,EV,M,LUQEVM,35,0.72
LUQ,EV,M,LUQEVM,36,0.62
LUQ,EV,M,LUQEVM,37,0.7
LUQ,EV,M,LUQEVM,38,0.5
LUQ,EV,M,LUQEVM,39,0.62
LUQ,EV,M,LUQEVM,40,0.35
LUQ,EV,M,LUQEVM,41,0.52
LUQ,EV,M,LUQEVM,42,0.58
LUQ,EV,M,LUQEVM,43,0.3
LUQ,EV,M,LUQEVM,44,0.35
LUQ,EV,M,LUQEVM,45,0.35
LUQ,EV,M,LUQEVM,46,0.42
LUQ,EV,M,LUQEVM,47,0.5
LUQ,EV,M,LUQEVM,48,0.45
LUQ,EV,M,LUQEVM,49,0.5
LUQ,EV,M,LUQEVM,50,0.42
LUQ,EV,M,LUQEVM,51,0.45
LUQ,EV,M,LUQEVM,52,0.51
LUQ,EV,M,LUQEVM,53,0.61
LUQ,EV,M,LUQEVM,54,0.67
LUQ,EV,M,LUQEVM,55,0.53
LUQ,EV,M,LUQEVM,56,0.64
LUQ,EV,M,LUQEVM,57,0.45
LUQ,EV,M,LUQEVM,58,0.85
LUQ,EV,M,LUQEVM,59,0.91
LUQ,EV,M,LUQEVM,60,0.82
LUQ,EV,M,LUQEVM,61,0.74
LUQ,EV,M,LUQEVM,62,0.68
LUQ,EV,M,LUQEVM,63,0.71
LUQ,EV,M,LUQEVM,64,0.54
LUQ,EV,M,LUQEVM,65,0.49
LUQ,EV,M,LUQEVM,66,0.52
LUQ,EV,M,LUQEVM,67,0.68
LUQ,EV,M,LUQEVM,68,0.68
LUQ,EV,M,LUQEVM,69,0.63
LUQ,EV,M,LUQEVM,70,0.63
LUQ,EV,M,LUQEVM,71,0.54
LUQ,EV,M,LUQEVM,72,0.73
LUQ,EV,M,LUQEVM,73,0.59
LUQ,EV,M,LUQEVM,74,0.36
LUQ,EV,M,LUQEVM,75,0.33
LUQ,EV,M,LUQEVM,76,0.33
LUQ,EV,M,LUQEVM,77,0.5
LUQ,EV,M,LUQEVM,78,0.53
LUQ,EV,M,LUQEVM,79,0.79
LUQ,EV,M,LUQEVM,80,0.81
LUQ,EV,M,LUQEVM,81,0.89
LUQ,EV,M,LUQEVM,82,0.75
LUQ,EV,M,LUQEVM,83,0.75
LUQ,EV,M,LUQEVM,84,0.75
LUQ,EV,M,LUQEVM,85,0.68
LUQ,EV,M,LUQEVM,86,0.62
LUQ,EV,M,LUQEVM,87,0.58
LUQ,EV,M,LUQEVM,88,0.43
LUQ,EV,M,LUQEVM,89,0.65
LUQ,EV,M,LUQEVM,90,0.38
LUQ,EV,M,LUQEVM,91,0.6
LUQ,EV,M,LUQEVM,92,0.54
LUQ,EV,M,LUQEVM,93,0.54
LUQ,EV,M,LUQEVM,94,0.54
LUQ,EV,M,LUQEVM,95,0.77
LUQ,EV,M,LUQEVM,96,0.97
LUQ,EV,M,LUQEVM,97,0.64
LUQ,EV,M,LUQEVM,98,0.72
LUQ,EV,M,LUQEVM,99,0.76
LUQ,EV,M,LUQEVM,100,0.78
LUQ,EV,M,LUQEVM,101,0.71
LUQ,EV,M,LUQEVM,102,0.6
LUQ,EV,M,LUQEVM,103,0.63
LUQ,EV,M,LUQEVM,104,0.67
LUQ,EV,M,LUQEVM,105,0.59
LUQ,EV,M,LUQEVM,106,0.73
LUQ,EV,M,LUQEVM,107,0.76
LUQ,EV,M,LUQEVM,108,0.67
LUQ,EV,M,LUQEVM,109,0.69
LUQ,EV,M,LUQEVM,110,0.69
LUQ,EV,M,LUQEVM,111,0.54
LUQ,EV,M,LUQEVM,112,0.6
LUQ,EV,M,LUQEVM,113,0.69
LUQ,EV,M,LUQEVM,114,0.74
LUQ,EV,M,LUQEVM,115,0.71
LUQ,EV,M,LUQEVM,116,0.58
LUQ,EV,M,LUQEVM,117,0.49
LUQ,EV,M,LUQEVM,118,0.51
LUQ,EV,M,LUQEVM,119,0.57
LUQ,EV,M,LUQEVM,120,0.57
LUQ,EV,M,LUQEVM,121,0.48
LUQ,EV,M,LUQEVM,122,0.39
LUQ,EV,M,LUQEVM,123,0.45
LUQ,EV,M,LUQEVM,124,0.52
LUQ,EV,M,LUQEVM,125,0.61
LUQ,EV,M,LUQEVM,126,0.53
LUQ,EV,M,LUQEVM,127,0.67
LUQ,EV,M,LUQEVM,128,0.59
LUQ,EV,M,LUQEVM,129,0.5
LUQ,EV,M,LUQEVM,130,0.48
LUQ,EV,M,LUQEVM,131,0.54
LUQ,EV,M,LUQEVM,132,0.63
LUQ,EV,M,LUQEVM,133,0.54
LUQ,EV,M,LUQEVM,134,0.69
LUQ,EV,M,LUQEVM,135,0.46
LUQ,EV,M,LUQEVM,136,0.52
LUQ,EV,M,LUQEVM,137,0.49
LUQ,EV,M,LUQEVM,138,0.63
LUQ,EV,M,LUQEVM,139,0.51
LUQ,EV,M,LUQEVM,140,0.57
LUQ,EV,M,LUQEVM,141,0.51
LUQ,EV,M,LUQEVM,142,0.57
LUQ,EV,M,LUQEVM,143,0.62
LUQ,EV,M,LUQEVM,144,0.29
LUQ,EV,M,LUQEVM,145,0.33
LUQ,EV,M,LUQEVM,146,0.33
LUQ,EV,M,LUQEVM,147,0.26
LUQ,EV,M,LUQEVM,148,0.29
LUQ,EV,M,LUQEVM,149,0.23
LUQ,EV,R,LUQEVR,1,0.69
LUQ,EV,R,LUQEVR,2,0.81
LUQ,EV,R,LUQEVR,3,0.78
LUQ,EV,R,LUQEVR,4,0.84
LUQ,EV,R,LUQEVR,5,0.73
LUQ,EV,R,LUQEVR,6,0.78
LUQ,EV,R,LUQEVR,7,0.78
LUQ,EV,R,LUQEVR,8,0.71
LUQ,EV,R,LUQEVR,9,0.52
LUQ,EV,R,LUQEVR,10,0.73
LUQ,EV,R,LUQEVR,11,0.86
LUQ,EV,R,LUQEVR,12,0.81
LUQ,EV,R,LUQEVR,13,0.78
LUQ,EV,R,LUQEVR,14,0.6
LUQ,EV,R,LUQEVR,15,0.73
LUQ,EV,R,LUQEVR,16,0.68
LUQ,EV,R,LUQEVR,17,0.68
LUQ,EV,R,LUQEVR,18,0.6
LUQ,EV,R,LUQEVR,19,0.57
LUQ,EV,R,LUQEVR,20,0.6
LUQ,EV,R,LUQEVR,21,0.55
LUQ,EV,R,LUQEVR,22,0.52
LUQ,EV,R,LUQEVR,23,0.49
LUQ,EV,R,LUQEVR,24,0.84
LUQ,EV,R,LUQEVR,25,0.67
LUQ,EV,R,LUQEVR,26,0.64
LUQ,EV,R,LUQEVR,27,0.68
LUQ,EV,R,LUQEVR,28,0.71
LUQ,EV,R,LUQEVR,29,0.6
LUQ,EV,R,LUQEVR,30,0.79
LUQ,EV,R,LUQEVR,31,0.68
LUQ,EV,R,LUQEVR,32,0.79
LUQ,EV,R,LUQEVR,33,0.6
LUQ,EV,R,LUQEVR,34,0.77
LUQ,EV,R,LUQEVR,35,0.68
LUQ,EV,R,LUQEVR,36,0.68
LUQ,EV,R,LUQEVR,37,0.84
LUQ,EV,R,LUQEVR,38,0.66
LUQ,EV,R,LUQEVR,39,0.72
LUQ,EV,R,LUQEVR,40,0.75
LUQ,EV,R,LUQEVR,41,0.69
LUQ,EV,R,LUQEVR,42,0.82
LUQ,EV,R,LUQEVR,43,0.94
LUQ,EV,R,LUQEVR,44,0.82
LUQ,EV,R,LUQEVR,45,0.88
LUQ,EV,R,LUQEVR,46,0.82
LUQ,EV,R,LUQEVR,47,0.88
LUQ,EV,R,LUQEVR,48,0.88
LUQ,EV,R,LUQEVR,49,1.01
LUQ,EV,R,LUQEVR,50,1.01
LUQ,EV,R,LUQEVR,51,0.91
LUQ,EV,R,LUQEVR,52,0.85
LUQ,EV,R,LUQEVR,53,0.79
LUQ,EV,R,LUQEVR,54,0.94
LUQ,EV,R,LUQEVR,55,0.91
LUQ,EV,R,LUQEVR,56,0.75
LUQ,EV,R,LUQEVR,57,0.78
LUQ,EV,R,LUQEVR,58,0.87
LUQ,EV,R,LUQEVR,59,0.91
LUQ,EV,R,LUQEVR,60,0.91
LUQ,EV,R,LUQEVR,61,0.94
LUQ,EV,R,LUQEVR,62,0.87
LUQ,EV,R,LUQEVR,63,0.78
LUQ,EV,R,LUQEVR,64,0.68
LUQ,EV,R,LUQEVR,65,0.81
LUQ,EV,R,LUQEVR,66,0.75
LUQ,EV,R,LUQEVR,67,0.52
LUQ,EV,R,LUQEVR,68,0.71
LUQ,EV,R,LUQEVR,69,0.78
LUQ,EV,R,LUQEVR,70,0.81
LUQ,EV,R,LUQEVR,71,0.75
LUQ,EV,R,LUQEVR,72,0.81
LUQ,EV,R,LUQEVR,73,0.78
LUQ,EV,R,LUQEVR,74,0.7
LUQ,EV,R,LUQEVR,75,0.57
LUQ,EV,R,LUQEVR,76,0.63
LUQ,EV,R,LUQEVR,77,0.47
LUQ,EV,R,LUQEVR,78,0.47
LUQ,EV,R,LUQEVR,79,0.67
LUQ,EV,R,LUQEVR,80,0.63
LUQ,EV,R,LUQEVR,81,0.82
LUQ,EV,R,LUQEVR,82,0.82
LUQ,EV,R,LUQEVR,83,0.82
LUQ,EV,R,LUQEVR,84,0.88
LUQ,EV,R,LUQEVR,85,0.85
LUQ,EV,R,LUQEVR,86,0.48
LUQ,EV,R,LUQEVR,87,0.6
LUQ,EV,R,LUQEVR,88,0.94
LUQ,EV,R,LUQEVR,89,0.72
LUQ,EV,R,LUQEVR,90,0.66
LUQ,EV,R,LUQEVR,91,0.63
LUQ,EV,R,LUQEVR,92,0.65
LUQ,EV,R,LUQEVR,93,0.62
LUQ,EV,R,LUQEVR,94,0.55
LUQ,EV,R,LUQEVR,95,0.49
LUQ,EV,R,LUQEVR,96,0.33
LUQ,EV,R,LUQEVR,97,0.45
LUQ,EV,R,LUQEVR,98,0.52
LUQ,EV,R,LUQEVR,99,0.33
LUQ,EV,R,LUQEVR,100,0.39
LUQ,EV,R,LUQEVR,101,0.5
LUQ,EV,R,LUQEVR,102,0.6
LUQ,EV,R,LUQEVR,103,0.47
LUQ,EV,R,LUQEVR,104,0.71
LUQ,EV,R,LUQEVR,105,0.86
LUQ,EV,R,LUQEVR,106,0.52
LUQ,EV,R,LUQEVR,107,0.37
LUQ,EV,R,LUQEVR,108,0.49
LUQ,EV,R,LUQEVR,109,0.46
LUQ,EV,R,LUQEVR,110,0.44
LUQ,EV,R,LUQEVR,111,0.35
LUQ,EV,R,LUQEVR,112,0.6
LUQ,EV,R,LUQEVR,113,0.51
LUQ,EV,R,LUQEVR,114,0.44
LUQ,EV,R,LUQEVR,115,0.32
LUQ,EV,R,LUQEVR,116,0.51
LUQ,EV,R,LUQEVR,117,0.6
LUQ,EV,R,LUQEVR,118,0.68
LUQ,EV,R,LUQEVR,119,0.75
LUQ,EV,R,LUQEVR,120,0.69
LUQ,EV,R,LUQEVR,121,0.69
LUQ,EV,R,LUQEVR,122,0.72
LUQ,EV,R,LUQEVR,123,0.57
LUQ,EV,R,LUQEVR,124,0.51
LUQ,EV,R,LUQEVR,125,0.42
LUQ,EV,R,LUQEVR,126,0.68
LUQ,EV,R,LUQEVR,127,0.62
LUQ,EV,R,LUQEVR,128,0.58
LUQ,EV,R,LUQEVR,129,0.55
LUQ,EV,R,LUQEVR,130,0.34
LUQ,EV,R,LUQEVR,131,0.69
LUQ,EV,R,LUQEVR,132,0.38
LUQ,EV,R,LUQEVR,133,0.78
LUQ,EV,R,LUQEVR,134,0.5
LUQ,EV,R,LUQEVR,135,0.7
LUQ,EV,R,LUQEVR,136,0.62
LUQ,EV,R,LUQEVR,137,0.46
LUQ,EV,R,LUQEVR,138,0.42
LUQ,EV,R,LUQEVR,139,0.52
LUQ,EV,R,LUQEVR,140,0.67
LUQ,EV,R,LUQEVR,141,0.49
LUQ,EV,R,LUQEVR,142,0.4
LUQ,EV,R,LUQEVR,143,0.62
LUQ,EV,R,LUQEVR,144,0.55
LUQ,EV,R,LUQEVR,145,0.68
LUQ,EV,R,LUQEVR,146,0.68
LUQ,EV,R,LUQEVR,147,0.71
LUQ,EV,R,LUQEVR,148,0.66
LUQ,EV,R,LUQEVR,149,0.6
LUQ,EV,R,LUQEVR,150,0.69
LUQ,EV,T,LUQEVT,1,0.86
LUQ,EV,T,LUQEVT,2,0.65
LUQ,EV,T,LUQEVT,3,0.44
LUQ,EV,T,LUQEVT,4,0.79
LUQ,EV,T,LUQEVT,5,0.51
LUQ,EV,T,LUQEVT,6,0.62
LUQ,EV,T,LUQEVT,7,0.62
LUQ,EV,T,LUQEVT,8,0.58
LUQ,EV,T,LUQEVT,9,0.44
LUQ,EV,T,LUQEVT,10,0.65
LUQ,EV,T,LUQEVT,11,0.58
LUQ,EV,T,LUQEVT,12,0.55
LUQ,EV,T,LUQEVT,13,0.41
LUQ,EV,T,LUQEVT,14,0.51
LUQ,EV,T,LUQEVT,15,0.44
LUQ,EV,T,LUQEVT,16,0.48
LUQ,EV,T,LUQEVT,17,0.58
LUQ,EV,T,LUQEVT,18,0.51
LUQ,EV,T,LUQEVT,19,0.51
LUQ,EV,T,LUQEVT,20,0.55
LUQ,EV,T,LUQEVT,21,0.41
LUQ,EV,T,LUQEVT,22,0.44
LUQ,EV,T,LUQEVT,23,0.38
LUQ,EV,T,LUQEVT,24,0.31
LUQ,EV,T,LUQEVT,25,0.51
LUQ,EV,T,LUQEVT,26,0.58
LUQ,EV,T,LUQEVT,27,0.82
LUQ,EV,T,LUQEVT,28,0.55
LUQ,EV,T,LUQEVT,29,0.64
LUQ,EV,T,LUQEVT,30,0.6
LUQ,EV,T,LUQEVT,31,0.81
LUQ,EV,T,LUQEVT,32,0.62
LUQ,EV,T,LUQEVT,33,0.81
LUQ,EV,T,LUQEVT,34,0.42
LUQ,EV,T,LUQEVT,35,0.42
LUQ,EV,T,LUQEVT,36,0.31
LUQ,EV,T,LUQEVT,37,0.28
LUQ,EV,T,LUQEVT,38,0.46
LUQ,EV,T,LUQEVT,39,0.42
LUQ,EV,T,LUQEVT,40,0.53
LUQ,EV,T,LUQEVT,41,0.39
LUQ,EV,T,LUQEVT,42,0.39
LUQ,EV,T,LUQEVT,43,0.39
LUQ,EV,T,LUQEVT,44,0.56
LUQ,EV,T,LUQEVT,45,0.28
LUQ,EV,T,LUQEVT,46,0.62
LUQ,EV,T,LUQEVT,47,0.76
LUQ,EV,T,LUQEVT,48,0.58
LUQ,EV,T,LUQEVT,49,0.62
LUQ,EV,T,LUQEVT,50,0.72
LUQ,EV,T,LUQEVT,51,0.79
LUQ,EV,T,LUQEVT,52,0.79
LUQ,EV,T,LUQEVT,53,0.62
LUQ,EV,T,LUQEVT,54,0.72
LUQ,EV,T,LUQEVT,55,0.69
LUQ,EV,T,LUQEVT,56,0.67
LUQ,EV,T,LUQEVT,57,0.69
LUQ,EV,T,LUQEVT,58,0.55
LUQ,EV,T,LUQEVT,59,0.64
LUQ,EV,T,LUQEVT,60,0.65
LUQ,EV,T,LUQEVT,61,0.65
LUQ,EV,T,LUQEVT,62,0.51
LUQ,EV,T,LUQEVT,63,0.62
LUQ,EV,T,LUQEVT,64,0.72
LUQ,EV,T,LUQEVT,65,0.82
LUQ,EV,T,LUQEVT,66,0.76
LUQ,EV,T,LUQEVT,67,0.65
LUQ,EV,T,LUQEVT,68,0.65
LUQ,EV,T,LUQEVT,69,0.44
LUQ,EV,T,LUQEVT,70,0.79
LUQ,EV,T,LUQEVT,71,0.86
LUQ,EV,T,LUQEVT,72,0.65
LUQ,EV,T,LUQEVT,73,0.82
LUQ,EV,T,LUQEVT,74,0.79
LUQ,EV,T,LUQEVT,75,0.69
LUQ,IC,M,LUQICM,1,1
LUQ,IC,M,LUQICM,2,1.06
LUQ,IC,M,LUQICM,3,0.96
LUQ,IC,M,LUQICM,4,0.88
LUQ,IC,M,LUQICM,5,0.61
LUQ,IC,M,LUQICM,6,0.67
LUQ,IC,M,LUQICM,7,0.69
LUQ,IC,M,LUQICM,8,0.67
LUQ,IC,M,LUQICM,9,0.63
LUQ,IC,M,LUQICM,10,0.69
LUQ,IC,M,LUQICM,11,1.02
LUQ,IC,M,LUQICM,12,1.02
LUQ,IC,M,LUQICM,13,0.98
LUQ,IC,M,LUQICM,14,0.86
LUQ,IC,M,LUQICM,15,0.98
LUQ,IC,M,LUQICM,16,0.98
LUQ,IC,M,LUQICM,17,0.88
LUQ,IC,M,LUQICM,18,0.77
LUQ,IC,M,LUQICM,19,0.75
LUQ,IC,M,LUQICM,20,0.81
LUQ,IC,M,LUQICM,21,0.83
LUQ,IC,M,LUQICM,22,0.77
LUQ,IC,M,LUQICM,23,0.61
LUQ,IC,M,LUQICM,24,0.65
LUQ,IC,M,LUQICM,25,0.77
LUQ,IC,M,LUQICM,26,0.73
LUQ,IC,M,LUQICM,27,0.81
LUQ,IC,M,LUQICM,28,0.75
LUQ,IC,M,LUQICM,29,0.75
LUQ,IC,M,LUQICM,30,0.77
LUQ,IC,M,LUQICM,31,0.86
LUQ,IC,M,LUQICM,32,0.85
LUQ,IC,M,LUQICM,33,0.83
LUQ,IC,M,LUQICM,34,0.93
LUQ,IC,M,LUQICM,35,0.89
LUQ,IC,M,LUQICM,36,0.91
LUQ,IC,M,LUQICM,37,1.1
LUQ,IC,M,LUQICM,38,0.97
LUQ,IC,M,LUQICM,39,0.97
LUQ,IC,M,LUQICM,40,1.04
LUQ,IC,M,LUQICM,41,1.08
LUQ,IC,M,LUQICM,42,1.06
LUQ,IC,M,LUQICM,43,1.06
LUQ,IC,M,LUQICM,44,1.01
LUQ,IC,M,LUQICM,45,0.97
LUQ,IC,M,LUQICM,46,1.01
LUQ,IC,M,LUQICM,47,0.99
LUQ,IC,M,LUQICM,48,0.97
LUQ,IC,M,LUQICM,49,1.06
LUQ,IC,M,LUQICM,50,1.04
LUQ,IC,M,LUQICM,51,1.08
LUQ,IC,M,LUQICM,52,0.96
LUQ,IC,M,LUQICM,53,0.86
LUQ,IC,M,LUQICM,54,0.9
LUQ,IC,M,LUQICM,55,0.94
LUQ,IC,M,LUQICM,56,0.94
LUQ,IC,M,LUQICM,57,1.08
LUQ,IC,M,LUQICM,58,0.83
LUQ,IC,M,LUQICM,59,0.88
LUQ,IC,M,LUQICM,60,0.77
LUQ,IC,M,LUQICM,61,0.79
LUQ,IC,M,LUQICM,62,0.79
LUQ,IC,M,LUQICM,63,0.77
LUQ,IC,M,LUQICM,64,0.61
LUQ,IC,M,LUQICM,65,0.61
LUQ,IC,M,LUQICM,66,0.47
LUQ,IC,M,LUQICM,67,0.49
LUQ,IC,M,LUQICM,68,0.37
LUQ,IC,M,LUQICM,69,0.25
LUQ,IC,M,LUQICM,70,0.29
LUQ,IC,M,LUQICM,71,0.22
LUQ,IC,M,LUQICM,72,0.29
LUQ,IC,M,LUQICM,73,0.19
LUQ,IC,M,LUQICM,74,0.38
LUQ,IC,M,LUQICM,75,0.46
LUQ,IC,M,LUQICM,76,0.44
LUQ,IC,M,LUQICM,77,0.44
LUQ,IC,M,LUQICM,78,0.38
LUQ,IC,M,LUQICM,79,0.42
LUQ,IC,M,LUQICM,80,0.34
LUQ,IC,M,LUQICM,81,0.4
LUQ,IC,M,LUQICM,82,0.3
LUQ,IC,M,LUQICM,83,0.25
LUQ,IC,M,LUQICM,84,0.3
LUQ,IC,M,LUQICM,85,0.34
LUQ,IC,M,LUQICM,86,0.38
LUQ,IC,M,LUQICM,87,0.37
LUQ,IC,M,LUQICM,88,0.39
LUQ,IC,M,LUQICM,89,0.34
LUQ,IC,M,LUQICM,90,0.37
LUQ,IC,M,LUQICM,91,0.39
LUQ,IC,M,LUQICM,92,0.31
LUQ,IC,M,LUQICM,93,0.46
LUQ,IC,M,LUQICM,94,0.41
LUQ,IC,M,LUQICM,95,0.47
LUQ,IC,M,LUQICM,96,0.56
LUQ,IC,M,LUQICM,97,0.32
LUQ,IC,M,LUQICM,98,0.22
LUQ,IC,M,LUQICM,99,0.32
LUQ,IC,M,LUQICM,100,0.47
LUQ,IC,M,LUQICM,101,0.42
LUQ,IC,M,LUQICM,102,0.45
LUQ,IC,M,LUQICM,103,0.38
LUQ,IC,M,LUQICM,104,0.52
LUQ,IC,M,LUQICM,105,0.65
LUQ,IC,M,LUQICM,106,0.42
LUQ,IC,M,LUQICM,107,0.48
LUQ,IC,M,LUQICM,108,0.58
LUQ,IC,M,LUQICM,109,0.51
LUQ,IC,M,LUQICM,110,0.36
LUQ,IC,M,LUQICM,111,0.36
LUQ,IC,M,LUQICM,112,0.43
LUQ,IC,M,LUQICM,113,0.72
LUQ,IC,M,LUQICM,114,0.6
LUQ,IC,M,LUQICM,115,0.78
LUQ,IC,M,LUQICM,116,0.42
LUQ,IC,M,LUQICM,117,0.57
LUQ,IC,M,LUQICM,118,0.47
LUQ,IC,M,LUQICM,119,0.59
LUQ,IC,M,LUQICM,120,0.67
LUQ,IC,M,LUQICM,121,0.59
LUQ,IC,M,LUQICM,122,0.56
LUQ,IC,M,LUQICM,123,0.59
LUQ,IC,M,LUQICM,124,0.61
LUQ,IC,M,LUQICM,125,0.46
LUQ,IC,M,LUQICM,126,0.52
LUQ,IC,M,LUQICM,127,0.49
LUQ,IC,M,LUQICM,128,0.68
LUQ,IC,M,LUQICM,129,0.49
LUQ,IC,M,LUQICM,130,0.52
LUQ,IC,M,LUQICM,131,0.64
LUQ,IC,M,LUQICM,132,0.56
LUQ,IC,M,LUQICM,133,0.56
LUQ,IC,M,LUQICM,134,0.59
LUQ,IC,M,LUQICM,135,0.53
LUQ,IC,M,LUQICM,136,0.63
LUQ,IC,M,LUQICM,137,0.57
LUQ,IC,M,LUQICM,138,0.57
LUQ,IC,M,LUQICM,139,0.6
LUQ,IC,M,LUQICM,140,0.63
LUQ,IC,M,LUQICM,141,0.62
LUQ,IC,M,LUQICM,142,0.62
LUQ,IC,M,LUQICM,143,0.65
LUQ,IC,M,LUQICM,144,0.69
LUQ,IC,M,LUQICM,145,0.79
LUQ,IC,M,LUQICM,146,0.71
LUQ,IC,M,LUQICM,147,0.59
LUQ,IC,M,LUQICM,148,0.71
LUQ,IC,M,LUQICM,149,0.63
LUQ,IC,M,LUQICM,150,0.73
LUQ,IC,M,LUQICM,151,0.65
LUQ,IC,M,LUQICM,152,0.55
LUQ,IC,M,LUQICM,153,0.71
LUQ,IC,M,LUQICM,154,0.57
LUQ,IC,M,LUQICM,155,0.61
LUQ,IC,M,LUQICM,156,0.61
LUQ,IC,M,LUQICM,157,0.61
LUQ,IC,M,LUQICM,158,0.61
LUQ,IC,M,LUQICM,159,0.65
LUQ,IC,M,LUQICM,160,0.67
LUQ,IC,M,LUQICM,161,0.63
LUQ,IC,M,LUQICM,162,0.75
LUQ,IC,M,LUQICM,163,0.75
LUQ,IC,M,LUQICM,164,0.66
LUQ,IC,M,LUQICM,165,0.68
LUQ,IC,M,LUQICM,166,0.82
LUQ,IC,M,LUQICM,167,0.78
LUQ,IC,M,LUQICM,168,0.53
LUQ,IC,M,LUQICM,169,0.61
LUQ,IC,M,LUQICM,170,0.47
LUQ,IC,M,LUQICM,171,0.6
LUQ,IC,M,LUQICM,172,0.61
LUQ,IC,M,LUQICM,173,0.59
LUQ,IC,M,LUQICM,174,0.7
LUQ,IC,M,LUQICM,175,0.63
LUQ,IC,M,LUQICM,176,0.4
LUQ,IC,M,LUQICM,177,0.55
LUQ,IC,M,LUQICM,178,0.44
LUQ,IC,M,LUQICM,179,0.53
LUQ,IC,M,LUQICM,180,0.44
LUQ,IC,M,LUQICM,181,0.42
LUQ,IC,R,LUQICR,1,0.75
LUQ,IC,R,LUQICR,2,0.71
LUQ,IC,R,LUQICR,3,0.8
LUQ,IC,R,LUQICR,4,0.67
LUQ,IC,R,LUQICR,5,0.62
LUQ,IC,R,LUQICR,6,0.51
LUQ,IC,R,LUQICR,7,0.62
LUQ,IC,R,LUQICR,8,0.6
LUQ,IC,R,LUQICR,9,0.6
LUQ,IC,R,LUQICR,10,0.6
LUQ,IC,R,LUQICR,11,0.73
LUQ,IC,R,LUQICR,12,0.86
LUQ,IC,R,LUQICR,13,0.58
LUQ,IC,R,LUQICR,14,0.69
LUQ,IC,R,LUQICR,15,0.64
LUQ,IC,R,LUQICR,16,0.8
LUQ,IC,R,LUQICR,17,0.8
LUQ,IC,R,LUQICR,18,0.64
LUQ,IC,R,LUQICR,19,0.71
LUQ,IC,R,LUQICR,20,0.62
LUQ,IC,R,LUQICR,21,0.58
LUQ,IC,R,LUQICR,22,0.53
LUQ,IC,R,LUQICR,23,0.56
LUQ,IC,R,LUQICR,24,0.51
LUQ,IC,R,LUQICR,25,0.43
LUQ,IC,R,LUQICR,26,0.32
LUQ,IC,R,LUQICR,27,0.38
LUQ,IC,R,LUQICR,28,0.32
LUQ,IC,R,LUQICR,29,0.45
LUQ,IC,R,LUQICR,30,0.34
LUQ,IC,R,LUQICR,31,0.32
LUQ,IC,R,LUQICR,32,0.32
LUQ,IC,R,LUQICR,33,0.34
LUQ,IC,R,LUQICR,34,0.23
LUQ,IC,R,LUQICR,35,0.3
LUQ,IC,R,LUQICR,36,0.32
LUQ,IC,R,LUQICR,37,0.34
LUQ,IC,R,LUQICR,38,0.3
LUQ,IC,R,LUQICR,39,0.32
LUQ,IC,R,LUQICR,40,0.51
LUQ,IC,R,LUQICR,41,0.4
LUQ,IC,R,LUQICR,42,0.4
LUQ,IC,R,LUQICR,43,0.63
LUQ,IC,R,LUQICR,44,0.55
LUQ,IC,R,LUQICR,45,0.57
LUQ,IC,R,LUQICR,46,0.71
LUQ,IC,R,LUQICR,47,0.55
LUQ,IC,R,LUQICR,48,0.52
LUQ,IC,R,LUQICR,49,0.6
LUQ,IC,R,LUQICR,50,0.63
LUQ,IC,R,LUQICR,51,0.47
LUQ,IC,R,LUQICR,52,0.73
LUQ,IC,R,LUQICR,53,0.63
LUQ,IC,R,LUQICR,54,0.57
LUQ,IC,R,LUQICR,55,0.39
LUQ,IC,R,LUQICR,56,0.39
LUQ,IC,R,LUQICR,57,0.44
LUQ,IC,R,LUQICR,58,0.44
LUQ,IC,R,LUQICR,59,0.39
LUQ,IC,R,LUQICR,60,0.44
LUQ,IC,R,LUQICR,61,0.34
LUQ,IC,R,LUQICR,62,0.34
LUQ,IC,R,LUQICR,63,0.44
LUQ,IC,R,LUQICR,64,0.55
LUQ,IC,R,LUQICR,65,0.44
LUQ,IC,R,LUQICR,66,0.28
LUQ,IC,R,LUQICR,67,0.42
LUQ,IC,R,LUQICR,68,0.45
LUQ,IC,R,LUQICR,69,0.53
LUQ,IC,R,LUQICR,70,0.63
LUQ,IC,R,LUQICR,71,0.68
LUQ,IC,R,LUQICR,72,0.54
LUQ,IC,R,LUQICR,73,0.74
LUQ,IC,R,LUQICR,74,0.52
LUQ,IC,R,LUQICR,75,0.69
LUQ,IC,R,LUQICR,76,0.58
LUQ,IC,R,LUQICR,77,0.62
LUQ,IC,R,LUQICR,78,0.49
LUQ,IC,R,LUQICR,79,0.65
LUQ,IC,R,LUQICR,80,0.49
LUQ,IC,R,LUQICR,81,0.51
LUQ,IC,R,LUQICR,82,0.49
LUQ,IC,R,LUQICR,83,0.42
LUQ,IC,R,LUQICR,84,0.57
LUQ,IC,R,LUQICR,85,0.61
LUQ,IC,R,LUQICR,86,0.63
LUQ,IC,R,LUQICR,87,0.52
LUQ,IC,R,LUQICR,88,0.52
LUQ,IC,R,LUQICR,89,0.38
LUQ,IC,R,LUQICR,90,0.41
LUQ,IC,R,LUQICR,91,0.48
LUQ,IC,R,LUQICR,92,0.48
LUQ,IC,R,LUQICR,93,0.48
LUQ,IC,R,LUQICR,94,0.34
LUQ,IC,R,LUQICR,95,0.37
LUQ,IC,R,LUQICR,96,0.47
LUQ,IC,R,LUQICR,97,0.47
LUQ,IC,R,LUQICR,98,0.42
LUQ,IC,R,LUQICR,99,0.59
LUQ,IC,R,LUQICR,100,0.49
LUQ,IC,R,LUQICR,101,0.53
LUQ,IC,R,LUQICR,102,0.78
LUQ,IC,R,LUQICR,103,0.65
LUQ,IC,R,LUQICR,104,0.67
LUQ,IC,R,LUQICR,105,0.74
LUQ,IC,R,LUQICR,106,0.67
LUQ,IC,R,LUQICR,107,0.8
LUQ,IC,R,LUQICR,108,0.71
LUQ,IC,R,LUQICR,109,0.71
LUQ,IC,R,LUQICR,110,0.51
LUQ,IC,R,LUQICR,111,0.65
LUQ,IC,R,LUQICR,112,0.53
LUQ,IC,R,LUQICR,113,0.37
LUQ,IC,R,LUQICR,114,0.55
LUQ,IC,R,LUQICR,115,0.51
LUQ,IC,R,LUQICR,116,0.65
LUQ,IC,R,LUQICR,117,0.55
LUQ,IC,R,LUQICR,118,0.53
LUQ,IC,R,LUQICR,119,0.6
LUQ,IC,R,LUQICR,120,0.53
LUQ,IC,R,LUQICR,121,0.49
LUQ,IC,R,LUQICR,122,0.42
LUQ,IC,R,LUQICR,123,0.37
LUQ,IC,R,LUQICR,124,0.46
LUQ,IC,R,LUQICR,125,0.46
LUQ,IC,R,LUQICR,126,0.47
LUQ,IC,R,LUQICR,127,0.58
LUQ,IC,R,LUQICR,128,0.59
LUQ,IC,R,LUQICR,129,0.49
LUQ,IC,R,LUQICR,130,0.56
LUQ,IC,R,LUQICR,131,0.38
LUQ,IC,R,LUQICR,132,0.25
LUQ,IC,R,LUQICR,133,0.36
LUQ,IC,R,LUQICR,134,0.53
LUQ,IC,R,LUQICR,135,0.69
LUQ,IC,R,LUQICR,136,0.57
LUQ,IC,R,LUQICR,137,0.51
LUQ,IC,R,LUQICR,138,0.51
LUQ,IC,R,LUQICR,139,0.4
LUQ,IC,R,LUQICR,140,0.53
LUQ,IC,R,LUQICR,141,0.27
LUQ,IC,R,LUQICR,142,0.49
LUQ,IC,R,LUQICR,143,0.43
LUQ,IC,R,LUQICR,144,0.36
LUQ,IC,R,LUQICR,145,0.43
LUQ,IC,R,LUQICR,146,0.49
LUQ,IC,R,LUQICR,147,0.47
LUQ,IC,R,LUQICR,148,0.36
LUQ,IC,R,LUQICR,149,0.4
LUQ,IC,R,LUQICR,150,0.32
LUQ,IC,R,LUQICR,151,0.38
LUQ,IC,R,LUQICR,152,0.52
LUQ,IC,R,LUQICR,153,0.5
LUQ,IC,R,LUQICR,154,0.43
LUQ,IC,R,LUQICR,155,0.38
LUQ,IC,R,LUQICR,156,0.46
LUQ,IC,R,LUQICR,157,0.58
LUQ,IC,R,LUQICR,158,0.58
LUQ,IC,R,LUQICR,159,0.67
LUQ,IC,R,LUQICR,160,0.61
LUQ,IC,R,LUQICR,161,0.61
LUQ,IC,R,LUQICR,162,0.49
LUQ,IC,R,LUQICR,163,0.42
LUQ,IC,R,LUQICR,164,0.58
LUQ,IC,R,LUQICR,165,0.62
LUQ,IC,R,LUQICR,166,0.58
LUQ,IC,R,LUQICR,167,0.48
LUQ,IC,R,LUQICR,168,0.46
LUQ,IC,R,LUQICR,169,0.36
LUQ,IC,R,LUQICR,170,0.38
LUQ,IC,R,LUQICR,171,0.42
LUQ,IC,R,LUQICR,172,0.49
LUQ,IC,R,LUQICR,173,0.65
LUQ,IC,R,LUQICR,174,0.39
LUQ,IC,R,LUQICR,175,0.44
LUQ,IC,R,LUQICR,176,0.47
LUQ,IC,R,LUQICR,177,0.49
LUQ,IC,R,LUQICR,178,0.44
LUQ,IC,T,LUQICT,1,0.77
LUQ,IC,T,LUQICT,2,0.81
LUQ,IC,T,LUQICT,3,0.75
LUQ,IC,T,LUQICT,4,0.79
LUQ,IC,T,LUQICT,5,0.48
LUQ,IC,T,LUQICT,6,0.48
LUQ,IC,T,LUQICT,7,0.66
LUQ,IC,T,LUQICT,8,0.68
LUQ,IC,T,LUQICT,9,0.62
LUQ,IC,T,LUQICT,10,0.7
LUQ,IC,T,LUQICT,11,0.98
LUQ,IC,T,LUQICT,12,1
LUQ,IC,T,LUQICT,13,0.91
LUQ,IC,T,LUQICT,14,0.83
LUQ,IC,T,LUQICT,15,1.06
LUQ,IC,T,LUQICT,16,1.02
LUQ,IC,T,LUQICT,17,1
LUQ,IC,T,LUQICT,18,0.93
LUQ,IC,T,LUQICT,19,0.93
LUQ,IC,T,LUQICT,20,0.98
LUQ,IC,T,LUQICT,21,0.91
LUQ,IC,T,LUQICT,22,0.95
LUQ,IC,T,LUQICT,23,1
LUQ,IC,T,LUQICT,24,0.89
LUQ,IC,T,LUQICT,25,0.89
LUQ,IC,T,LUQICT,26,0.91
LUQ,IC,T,LUQICT,27,0.89
LUQ,IC,T,LUQICT,28,0.68
LUQ,IC,T,LUQICT,29,0.77
LUQ,IC,T,LUQICT,30,0.7
LUQ,IC,T,LUQICT,31,0.81
LUQ,IC,T,LUQICT,32,0.77
LUQ,IC,T,LUQICT,33,0.75
LUQ,IC,T,LUQICT,34,0.72
LUQ,IC,T,LUQICT,35,0.83
LUQ,IC,T,LUQICT,36,0.58
LUQ,IC,T,LUQICT,37,0.56
LUQ,IC,T,LUQICT,38,0.58
LUQ,IC,T,LUQICT,39,0.62
LUQ,IC,T,LUQICT,40,0.77
LUQ,IC,T,LUQICT,41,0.56
LUQ,IC,T,LUQICT,42,0.55
LUQ,IC,T,LUQICT,43,0.44
LUQ,IC,T,LUQICT,44,0.63
LUQ,IC,T,LUQICT,45,0.5
LUQ,IC,T,LUQICT,46,0.61
LUQ,IC,T,LUQICT,47,0.61
LUQ,IC,T,LUQICT,48,0.52
LUQ,IC,T,LUQICT,49,0.46
LUQ,IC,T,LUQICT,50,0.74
LUQ,IC,T,LUQICT,51,0.48
LUQ,IC,T,LUQICT,52,0.66
LUQ,IC,T,LUQICT,53,0.52
LUQ,IC,T,LUQICT,54,0.57
LUQ,IC,T,LUQICT,55,0.59
LUQ,IC,T,LUQICT,56,0.54
LUQ,IC,T,LUQICT,57,0.57
LUQ,IC,T,LUQICT,58,0.53
LUQ,IC,T,LUQICT,59,0.55
LUQ,IC,T,LUQICT,60,0.65
LUQ,IC,T,LUQICT,61,0.67
LUQ,IC,T,LUQICT,62,0.6
LUQ,IC,T,LUQICT,63,0.67
LUQ,IC,T,LUQICT,64,0.69
LUQ,IC,T,LUQICT,65,0.58
LUQ,IC,T,LUQICT,66,0.65
LUQ,IC,T,LUQICT,67,0.78
LUQ,IC,T,LUQICT,68,0.53
LUQ,IC,T,LUQICT,69,0.65
LUQ,IC,T,LUQICT,70,0.59
LUQ,IC,T,LUQICT,71,0.5
LUQ,IC,T,LUQICT,72,0.4
LUQ,IC,T,LUQICT,73,0.36
LUQ,IC,T,LUQICT,74,0.24
LUQ,IC,T,LUQICT,75,0.5
LUQ,IC,T,LUQICT,76,0.65
LUQ,IC,T,LUQICT,77,0.5
LUQ,IC,T,LUQICT,78,0.46
LUQ,IC,T,LUQICT,79,0.48
LUQ,IC,T,LUQICT,80,0.43
LUQ,IC,T,LUQICT,81,0.36
LUQ,IC,T,LUQICT,82,0.43
LUQ,IC,T,LUQICT,83,0.46
LUQ,IC,T,LUQICT,84,0.41
LUQ,IC,T,LUQICT,85,0.36
LUQ,IC,T,LUQICT,86,0.39
LUQ,IC,T,LUQICT,87,0.39
LUQ,IC,T,LUQICT,88,0.41
LUQ,IC,T,LUQICT,89,0.39
LUQ,IC,T,LUQICT,90,0.29
LUQ,IC,T,LUQICT,91,0.39
LUQ,IC,T,LUQICT,92,0.5
LUQ,IC,T,LUQICT,93,0.44
LUQ,IC,T,LUQICT,94,0.34
LUQ,IC,T,LUQICT,95,0.47
LUQ,IC,T,LUQICT,96,0.32
LUQ,IC,T,LUQICT,97,0.39
LUQ,IC,T,LUQICT,98,0.42
LUQ,IC,T,LUQICT,99,0.54
LUQ,IC,T,LUQICT,100,0.37
LUQ,IC,T,LUQICT,101,0.3
LUQ,IC,T,LUQICT,102,0.34
LUQ,IC,T,LUQICT,103,0.27
LUQ,IC,T,LUQICT,104,0.27
LUQ,IC,T,LUQICT,105,0.34
LUQ,IC,T,LUQICT,106,0.3
LUQ,IC,T,LUQICT,107,0.3
LUQ,IC,T,LUQICT,108,0.3
LUQ,IC,T,LUQICT,109,0.45
LUQ,IC,T,LUQICT,110,0.35
LUQ,IC,T,LUQICT,111,0.25
LUQ,IC,T,LUQICT,112,0.35
R8,H,M,R8HM,1,0.31
R8,H,M,R8HM,2,0.24
R8,H,M,R8HM,3,0.27
R8,H,M,R8HM,4,0.72
R8,H,M,R8HM,5,0.58
R8,H,M,R8HM,6,0.48
R8,H,M,R8HM,7,0.62
R8,H,M,R8HM,8,0.58
R8,H,M,R8HM,9,0.38
R8,H,M,R8HM,10,0.41
R8,H,M,R8HM,11,0.44
R8,H,M,R8HM,12,0.48
R8,H,M,R8HM,13,0.44
R8,H,M,R8HM,14,0.51
R8,H,M,R8HM,15,0.69
R8,H,M,R8HM,16,0.65
R8,H,M,R8HM,17,0.55
R8,H,M,R8HM,18,0.27
R8,H,M,R8HM,19,0.38
R8,H,M,R8HM,20,0.38
R8,H,M,R8HM,21,0.34
R8,H,M,R8HM,22,0.34
R8,H,M,R8HM,23,0.38
R8,H,M,R8HM,24,0.41
R8,H,M,R8HM,25,0.38
R8,H,M,R8HM,26,0.27
R8,H,M,R8HM,27,0.44
R8,H,M,R8HM,28,0.44
R8,H,M,R8HM,29,0.38
R8,H,M,R8HM,30,0.24
R8,H,M,R8HM,31,0.34
R8,H,M,R8HM,32,0.27
R8,H,M,R8HM,33,0.2
R8,H,M,R8HM,34,0.24
R8,H,M,R8HM,35,0.24
R8,H,M,R8HM,36,0.3
R8,H,M,R8HM,37,0.27
R8,H,M,R8HM,38,0.23
R8,H,M,R8HM,39,0.27
R8,H,M,R8HM,40,0.4
R8,H,M,R8HM,41,0.53
R8,H,M,R8HM,42,0.4
R8,H,M,R8HM,43,0.33
R8,H,M,R8HM,44,0.33
R8,H,M,R8HM,45,0.37
R8,H,M,R8HM,46,0.47
R8,H,M,R8HM,47,0.33
R8,H,M,R8HM,48,0.37
R8,H,M,R8HM,49,0.3
R8,H,M,R8HM,50,0.2
R8,H,M,R8HM,51,0.1
R8,H,M,R8HM,52,0.18
R8,H,M,R8HM,53,0.22
R8,H,M,R8HM,54,0.22
R8,H,M,R8HM,55,0.18
R8,H,M,R8HM,56,0.26
R8,H,M,R8HM,57,0.22
R8,H,M,R8HM,58,0.18
R8,H,M,R8HM,59,0.26
R8,H,M,R8HM,60,0.34
R8,H,M,R8HM,61,0.18
R8,H,M,R8HM,62,0.18
R8,H,M,R8HM,63,0.34
R8,H,M,R8HM,64,0.14
R8,H,M,R8HM,65,0.3
R8,H,M,R8HM,66,0.24
R8,H,M,R8HM,67,0.21
R8,H,M,R8HM,68,0.16
R8,H,M,R8HM,69,0.19
R8,H,M,R8HM,70,0.27
R8,H,M,R8HM,71,0.33
R8,H,M,R8HM,72,0.33
R8,H,M,R8HM,73,0.24
R8,H,M,R8HM,74,0.3
R8,H,M,R8HM,75,0.39
R8,H,M,R8HM,76,0.24
R8,H,M,R8HM,77,0.24
R8,H,M,R8HM,78,0.24
R8,H,M,R8HM,79,0.19
R8,H,M,R8HM,80,0.27
R8,H,M,R8HM,81,0.36
R8,H,M,R8HM,82,0.16
R8,H,M,R8HM,83,0.13
R8,H,M,R8HM,84,0.21
R8,H,M,R8HM,85,0.21
R8,H,M,R8HM,86,0.24
R8,H,M,R8HM,87,0.31
R8,H,M,R8HM,88,0.31
R8,H,M,R8HM,89,0.24
R8,H,M,R8HM,90,0.24
R8,H,M,R8HM,91,0.31
R8,H,M,R8HM,92,0.28
R8,H,M,R8HM,93,0.31
R8,H,M,R8HM,94,0.31
R8,H,M,R8HM,95,0.28
R8,H,M,R8HM,96,0.42
R8,H,M,R8HM,97,0.28
R8,H,M,R8HM,98,0.49
R8,H,M,R8HM,99,0.24
R8,H,M,R8HM,100,0.31
R8,H,M,R8HM,101,0.28
R8,H,M,R8HM,102,0.17
R8,H,M,R8HM,103,0.17
R8,H,M,R8HM,104,0.31
R8,H,M,R8HM,105,0.49
R8,H,M,R8HM,106,0.53
R8,H,M,R8HM,107,0.31
R8,H,M,R8HM,108,0.39
R8,H,M,R8HM,109,0.39
R8,H,M,R8HM,110,0.28
R8,H,M,R8HM,111,0.31
R8,H,M,R8HM,112,0.39
R8,H,M,R8HM,113,0.39
R8,H,M,R8HM,114,0.31
R8,H,M,R8HM,115,0.31
R8,H,M,R8HM,116,0.35
R8,H,M,R8HM,117,0.31
R8,H,M,R8HM,118,0.31
R8,H,M,R8HM,119,0.43
R8,H,M,R8HM,120,0.51
R8,H,M,R8HM,121,0.36
R8,H,M,R8HM,122,0.43
R8,H,M,R8HM,123,0.36
R8,H,M,R8HM,124,0.32
R8,H,M,R8HM,125,0.51
R8,H,M,R8HM,126,0.4
R8,H,M,R8HM,127,0.51
R8,H,R,R8HR,1,0.96
R8,H,R,R8HR,2,0.84
R8,H,R,R8HR,3,0.85
R8,H,R,R8HR,4,0.85
R8,H,R,R8HR,5,0.35
R8,H,R,R8HR,6,0.35
R8,H,R,R8HR,7,0.31
R8,H,R,R8HR,8,0.37
R8,H,R,R8HR,9,0.33
R8,H,R,R8HR,10,0.43
R8,H,R,R8HR,11,0.61
R8,H,R,R8HR,12,0.66
R8,H,R,R8HR,13,0.75
R8,H,R,R8HR,14,0.68
R8,H,R,R8HR,15,0.64
R8,H,R,R8HR,16,0.77
R8,H,R,R8HR,17,0.82
R8,H,R,R8HR,18,0.75
R8,H,R,R8HR,19,0.63
R8,H,R,R8HR,20,0.54
R8,H,R,R8HR,21,0.66
R8,H,R,R8HR,22,0.56
R8,H,R,R8HR,23,0.47
R8,H,R,R8HR,24,0.43
R8,H,R,R8HR,25,0.56
R8,H,R,R8HR,26,0.59
R8,H,R,R8HR,27,0.47
R8,H,R,R8HR,28,0.54
R8,H,R,R8HR,29,0.56
R8,H,R,R8HR,30,0.66
R8,H,R,R8HR,31,0.52
R8,H,R,R8HR,32,0.49
R8,H,R,R8HR,33,0.57
R8,H,R,R8HR,34,0.63
R8,H,R,R8HR,35,0.54
R8,H,R,R8HR,36,0.4
R8,H,R,R8HR,37,0.49
R8,H,R,R8HR,38,0.47
R8,H,R,R8HR,39,0.49
R8,H,R,R8HR,40,0.4
R8,H,R,R8HR,41,0.4
R8,H,R,R8HR,42,0.64
R8,H,R,R8HR,43,0.47
R8,H,R,R8HR,44,0.59
R8,H,R,R8HR,45,0.45
R8,H,R,R8HR,46,0.38
R8,H,R,R8HR,47,0.43
R8,H,R,R8HR,48,0.45
R8,H,R,R8HR,49,0.36
R8,H,R,R8HR,50,0.59
R8,H,R,R8HR,51,0.4
R8,H,R,R8HR,52,0.42
R8,H,R,R8HR,53,0.36
R8,H,R,R8HR,54,0.64
R8,H,R,R8HR,55,0.49
R8,H,R,R8HR,56,0.47
R8,H,R,R8HR,57,0.35
R8,H,R,R8HR,58,0.4
R8,H,R,R8HR,59,0.4
R8,H,R,R8HR,60,0.43
R8,H,R,R8HR,61,0.36
R8,H,R,R8HR,62,0.31
R8,H,R,R8HR,63,0.24
R8,H,R,R8HR,64,0.35
R8,H,R,R8HR,65,0.17
R8,H,R,R8HR,66,0.3
R8,H,R,R8HR,67,0.34
R8,H,R,R8HR,68,0.23
R8,H,R,R8HR,69,0.43
R8,H,R,R8HR,70,0.43
R8,H,R,R8HR,71,0.27
R8,H,R,R8HR,72,0.3
R8,H,R,R8HR,73,0.23
R8,H,R,R8HR,74,0.34
R8,H,R,R8HR,75,0.36
R8,H,R,R8HR,76,0.38
R8,H,R,R8HR,77,0.27
R8,H,R,R8HR,78,0.4
R8,H,R,R8HR,79,0.36
R8,H,R,R8HR,80,0.23
R8,H,R,R8HR,81,0.36
R8,H,R,R8HR,82,0.21
R8,H,R,R8HR,83,0.29
R8,H,R,R8HR,84,0.23
R8,H,R,R8HR,85,0.34
R8,H,R,R8HR,86,0.23
R8,H,R,R8HR,87,0.38
R8,H,R,R8HR,88,0.3
R8,H,R,R8HR,89,0.23
R8,H,R,R8HR,90,0.19
R8,H,R,R8HR,91,0.25
R8,H,R,R8HR,92,0.29
R8,H,R,R8HR,93,0.25
R8,H,R,R8HR,94,0.34
R8,H,R,R8HR,95,0.25
R8,H,R,R8HR,96,0.21
R8,H,R,R8HR,97,0.3
R8,H,R,R8HR,98,0.29
R8,H,R,R8HR,99,0.38
R8,H,R,R8HR,100,0.27
R8,H,R,R8HR,101,0.3
R8,H,R,R8HR,102,0.34
R8,H,R,R8HR,103,0.3
R8,H,R,R8HR,104,0.32
R8,H,R,R8HR,105,0.32
R8,H,R,R8HR,106,0.25
R8,H,R,R8HR,107,0.32
R8,H,R,R8HR,108,0.38
R8,H,R,R8HR,109,0.38
R8,H,R,R8HR,110,0.25
R8,H,R,R8HR,111,0.3
R8,H,R,R8HR,112,0.25
R8,H,R,R8HR,113,0.25
R8,H,R,R8HR,114,0.4
R8,H,R,R8HR,115,0.34
R8,H,R,R8HR,116,0.25
R8,H,R,R8HR,117,0.34
R8,H,R,R8HR,118,0.29
R8,H,R,R8HR,119,0.23
R8,H,R,R8HR,120,0.17
R8,H,R,R8HR,121,0.31
R8,H,R,R8HR,122,0.39
R8,H,R,R8HR,123,0.31
R8,H,R,R8HR,124,0.39
R8,H,R,R8HR,125,0.37
R8,H,R,R8HR,126,0.37
R8,H,R,R8HR,127,0.31
R8,H,R,R8HR,128,0.31
R8,H,R,R8HR,129,0.33
R8,H,R,R8HR,130,0.33
R8,H,R,R8HR,131,0.37
R8,H,R,R8HR,132,0.23
R8,H,R,R8HR,133,0.27
R8,H,R,R8HR,134,0.41
R8,H,R,R8HR,135,0.39
R8,H,R,R8HR,136,0.39
R8,H,R,R8HR,137,0.35
R8,H,R,R8HR,138,0.31
R8,H,R,R8HR,139,0.39
R8,H,R,R8HR,140,0.37
R8,H,R,R8HR,141,0.37
R8,H,R,R8HR,142,0.35
R8,H,R,R8HR,143,0.43
R8,H,R,R8HR,144,0.41
R8,H,R,R8HR,145,0.5
R8,H,R,R8HR,146,0.41
R8,H,R,R8HR,147,0.37
R8,H,R,R8HR,148,0.41
R8,H,R,R8HR,149,0.39
R8,H,R,R8HR,150,0.41
R8,H,R,R8HR,151,0.29
R8,H,R,R8HR,152,0.29
R8,H,R,R8HR,153,0.39
R8,H,R,R8HR,154,0.29
R8,H,R,R8HR,155,0.27
R8,H,R,R8HR,156,0.39
R8,H,R,R8HR,157,0.33
R8,H,R,R8HR,158,0.29
R8,H,R,R8HR,159,0.29
R8,H,R,R8HR,160,0.43
R8,H,R,R8HR,161,0.37
R8,H,R,R8HR,162,0.39
R8,H,R,R8HR,163,0.35
R8,H,R,R8HR,164,0.33
R8,H,R,R8HR,165,0.35
R8,H,R,R8HR,166,0.37
R8,H,R,R8HR,167,0.27
R8,H,R,R8HR,168,0.25
R8,H,R,R8HR,169,0.33
R8,H,R,R8HR,170,0.25
R8,H,R,R8HR,171,0.33
R8,H,R,R8HR,172,0.33
R8,H,R,R8HR,173,0.23
R8,H,R,R8HR,174,0.27
R8,H,R,R8HR,175,0.41
R8,H,R,R8HR,176,0.33
R8,H,R,R8HR,177,0.29
R8,H,R,R8HR,178,0.22
R8,H,R,R8HR,179,0.31
R8,H,R,R8HR,180,0.5
R8,H,R,R8HR,181,0.33
R8,H,R,R8HR,182,0.37
R8,H,R,R8HR,183,0.31
R8,H,R,R8HR,184,0.31
R8,H,R,R8HR,185,0.37
R8,H,R,R8HR,186,0.33
R8,H,R,R8HR,187,0.29
R8,H,R,R8HR,188,0.22
R8,H,R,R8HR,189,0.54
R8,H,R,R8HR,190,0.31
R8,H,R,R8HR,191,0.23
R8,H,R,R8HR,192,0.29
R8,H,R,R8HR,193,0.47
R8,H,R,R8HR,194,0.45
R8,H,R,R8HR,195,0.25
R8,H,R,R8HR,196,0.37
R8,P,M,R8PM,1,0.74
R8,P,M,R8PM,2,0.78
R8,P,M,R8PM,3,0.83
R8,P,M,R8PM,4,0.85
R8,P,M,R8PM,5,0.65
R8,P,M,R8PM,6,0.62
R8,P,M,R8PM,7,0.44
R8,P,M,R8PM,8,0.33
R8,P,M,R8PM,9,0.62
R8,P,M,R8PM,10,0.51
R8,P,M,R8PM,11,0.62
R8,P,M,R8PM,12,0.69
R8,P,M,R8PM,13,0.6
R8,P,M,R8PM,14,0.67
R8,P,M,R8PM,15,0.6
R8,P,M,R8PM,16,0.53
R8,P,M,R8PM,17,0.51
R8,P,M,R8PM,18,0.42
R8,P,M,R8PM,19,0.6
R8,P,M,R8PM,20,0.62
R8,P,M,R8PM,21,0.69
R8,P,M,R8PM,22,0.6
R8,P,M,R8PM,23,0.6
R8,P,M,R8PM,24,0.62
R8,P,M,R8PM,25,0.74
R8,P,M,R8PM,26,0.76
R8,P,M,R8PM,27,0.67
R8,P,M,R8PM,28,0.74
R8,P,M,R8PM,29,0.51
R8,P,M,R8PM,30,0.55
R8,P,M,R8PM,31,0.53
R8,P,M,R8PM,32,0.65
R8,P,M,R8PM,33,0.49
R8,P,M,R8PM,34,0.6
R8,P,M,R8PM,35,0.58
R8,P,M,R8PM,36,0.4
R8,P,M,R8PM,37,0.37
R8,P,M,R8PM,38,0.51
R8,P,M,R8PM,39,0.28
R8,P,M,R8PM,40,0.6
R8,P,M,R8PM,41,0.35
R8,P,M,R8PM,42,0.3
R8,P,M,R8PM,43,0.33
R8,P,M,R8PM,44,0.28
R8,P,M,R8PM,45,0.53
R8,P,M,R8PM,46,0.44
R8,P,M,R8PM,47,0.55
R8,P,M,R8PM,48,0.46
R8,P,M,R8PM,49,0.4
R8,P,M,R8PM,50,0.46
R8,P,M,R8PM,51,0.49
R8,P,M,R8PM,52,0.28
R8,P,M,R8PM,53,0.37
R8,P,M,R8PM,54,0.4
R8,P,M,R8PM,55,0.51
R8,P,M,R8PM,56,0.3
R8,P,M,R8PM,57,0.46
R8,P,M,R8PM,58,0.34
R8,P,M,R8PM,59,0.34
R8,P,M,R8PM,60,0.44
R8,P,M,R8PM,61,0.37
R8,P,M,R8PM,62,0.34
R8,P,M,R8PM,63,0.42
R8,P,M,R8PM,64,0.54
R8,P,M,R8PM,65,0.25
R8,P,M,R8PM,66,0.22
R8,P,M,R8PM,67,0.22
R8,P,M,R8PM,68,0.34
R8,P,M,R8PM,69,0.39
R8,P,M,R8PM,70,0.27
R8,P,M,R8PM,71,0.32
R8,P,M,R8PM,72,0.51
R8,P,M,R8PM,73,0.49
R8,P,M,R8PM,74,0.32
R8,P,M,R8PM,75,0.25
R8,P,M,R8PM,76,0.42
R8,P,M,R8PM,77,0.22
R8,P,M,R8PM,78,0.27
R8,P,M,R8PM,79,0.47
R8,P,M,R8PM,80,0.37
R8,P,M,R8PM,81,0.34
R8,P,M,R8PM,82,0.39
R8,P,M,R8PM,83,0.44
R8,P,M,R8PM,84,0.19
R8,P,M,R8PM,85,0.19
R8,P,M,R8PM,86,0.19
R8,P,M,R8PM,87,0.22
R8,P,M,R8PM,88,0.19
R8,P,M,R8PM,89,0.34
R8,P,M,R8PM,90,0.34
R8,P,M,R8PM,91,0.55
R8,P,M,R8PM,92,0.43
R8,P,M,R8PM,93,0.31
R8,P,M,R8PM,94,0.37
R8,P,M,R8PM,95,0.34
R8,P,M,R8PM,96,0.46
R8,P,M,R8PM,97,0.22
R8,P,M,R8PM,98,0.34
R8,P,M,R8PM,99,0.31
R8,P,R,R8PR,1,0.58
R8,P,R,R8PR,2,0.5
R8,P,R,R8PR,3,0.47
R8,P,R,R8PR,4,0.6
R8,P,R,R8PR,5,0.3
R8,P,R,R8PR,6,0.38
R8,P,R,R8PR,7,0.28
R8,P,R,R8PR,8,0.32
R8,P,R,R8PR,9,0.3
R8,P,R,R8PR,10,0.37
R8,P,R,R8PR,11,0.57
R8,P,R,R8PR,12,0.57
R8,P,R,R8PR,13,0.62
R8,P,R,R8PR,14,0.57
R8,P,R,R8PR,15,0.6
R8,P,R,R8PR,16,0.5
R8,P,R,R8PR,17,0.55
R8,P,R,R8PR,18,0.47
R8,P,R,R8PR,19,0.38
R8,P,R,R8PR,20,0.5
R8,P,R,R8PR,21,0.47
R8,P,R,R8PR,22,0.43
R8,P,R,R8PR,23,0.67
R8,P,R,R8PR,24,0.62
R8,P,R,R8PR,25,0.45
R8,P,R,R8PR,26,0.67
R8,P,R,R8PR,27,0.57
R8,P,R,R8PR,28,0.58
R8,P,R,R8PR,29,0.48
R8,P,R,R8PR,30,0.38
R8,P,R,R8PR,31,0.5
R8,P,R,R8PR,32,0.52
R8,P,R,R8PR,33,0.38
R8,P,R,R8PR,34,0.37
R8,P,R,R8PR,35,0.48
R8,P,R,R8PR,36,0.4
R8,P,R,R8PR,37,0.47
R8,P,R,R8PR,38,0.48
R8,P,R,R8PR,39,0.52
R8,P,R,R8PR,40,0.4
R8,P,R,R8PR,41,0.35
R8,P,R,R8PR,42,0.53
R8,P,R,R8PR,43,0.34
R8,P,R,R8PR,44,0.47
R8,P,R,R8PR,45,0.51
R8,P,R,R8PR,46,0.47
R8,P,R,R8PR,47,0.53
R8,P,R,R8PR,48,0.63
R8,P,R,R8PR,49,0.57
R8,P,R,R8PR,50,0.55
R8,P,R,R8PR,51,0.53
R8,P,R,R8PR,52,0.39
R8,P,R,R8PR,53,0.51
R8,P,R,R8PR,54,0.35
R8,P,R,R8PR,55,0.35
R8,P,R,R8PR,56,0.43
R8,P,R,R8PR,57,0.51
R8,P,R,R8PR,58,0.41
R8,P,R,R8PR,59,0.39
R8,P,R,R8PR,60,0.51
R8,P,R,R8PR,61,0.47
R8,P,R,R8PR,62,0.51
R8,P,R,R8PR,63,0.39
R8,P,R,R8PR,64,0.43
R8,P,R,R8PR,65,0.55
R8,P,R,R8PR,66,0.41
R8,P,R,R8PR,67,0.41
R8,P,R,R8PR,68,0.41
R8,P,R,R8PR,69,0.45
R8,P,R,R8PR,70,0.39
R8,P,R,R8PR,71,0.51
R8,P,R,R8PR,72,0.41
R8,P,R,R8PR,73,0.35
R8,P,R,R8PR,74,0.32
R8,P,R,R8PR,75,0.45
R8,P,R,R8PR,76,0.47
R8,P,R,R8PR,77,0.52
R8,P,R,R8PR,78,0.47
R8,P,R,R8PR,79,0.19
R8,P,R,R8PR,80,0.36
R8,P,R,R8PR,81,0.32
R8,P,R,R8PR,82,0.43
R8,P,R,R8PR,83,0.21
R8,P,R,R8PR,84,0.29
R8,P,R,R8PR,85,0.34
R8,P,R,R8PR,86,0.36
R8,P,R,R8PR,87,0.36
R8,P,R,R8PR,88,0.36
R8,P,R,R8PR,89,0.34
R8,P,R,R8PR,90,0.34
R8,P,R,R8PR,91,0.41
R8,P,R,R8PR,92,0.29
R8,P,R,R8PR,93,0.3
R8,P,R,R8PR,94,0.25
R8,P,R,R8PR,95,0.3
R8,P,R,R8PR,96,0.36
R8,P,R,R8PR,97,0.36
R8,P,R,R8PR,98,0.38
R8,P,R,R8PR,99,0.4
R8,P,R,R8PR,100,0.3
R8,P,R,R8PR,101,0.27
R8,P,R,R8PR,102,0.43
R8,P,R,R8PR,103,0.36
R8,P,R,R8PR,104,0.43
R8,P,R,R8PR,105,0.43
R8,P,R,R8PR,106,0.3
R8,P,R,R8PR,107,0.34
R8,P,R,R8PR,108,0.34
R8,P,R,R8PR,109,0.4
R8,P,R,R8PR,110,0.43
R8,P,R,R8PR,111,0.4
R8,P,R,R8PR,112,0.23
R8,P,R,R8PR,113,0.32
R8,P,R,R8PR,114,0.27
R8,P,R,R8PR,115,0.3
R8,P,R,R8PR,116,0.36
R8,P,R,R8PR,117,0.3
R8,P,R,R8PR,118,0.23
R8,P,R,R8PR,119,0.27
R8,P,R,R8PR,120,0.32
R8,P,R,R8PR,121,0.45
R8,P,R,R8PR,122,0.4
R8,P,R,R8PR,123,0.32
R8,P,R,R8PR,124,0.34
R8,P,R,R8PR,125,0.31
R8,P,R,R8PR,126,0.42
R8,P,R,R8PR,127,0.33
R8,P,R,R8PR,128,0.23
R8,P,R,R8PR,129,0.25
R8,P,R,R8PR,130,0.34
R8,P,R,R8PR,131,0.12
R8,P,R,R8PR,132,0.21
R8,P,R,R8PR,133,0.27
R8,P,R,R8PR,134,0.29
R8,P,R,R8PR,135,0.25
R8,P,R,R8PR,136,0.29
R8,P,R,R8PR,137,0.19
R8,P,R,R8PR,138,0.19
R8,P,R,R8PR,139,0.25
R8,P,R,R8PR,140,0.19
R8,P,R,R8PR,141,0.29
R8,P,R,R8PR,142,0.29
R8,P,R,R8PR,143,0.32
R8,P,R,R8PR,144,0.21
R8,P,R,R8PR,145,0.19
R8,P,R,R8PR,146,0.21
R8,P,R,R8PR,147,0.19
R8,P,R,R8PR,148,0.26
R8,P,R,R8PR,149,0.32
R8,P,R,R8PR,150,0.28
R8,P,R,R8PR,151,0.26
R8,P,R,R8PR,152,0.25
R8,P,R,R8PR,153,0.28
R8,P,R,R8PR,154,0.25
R8,P,R,R8PR,155,0.17
R8,P,R,R8PR,156,0.28
R8,P,R,R8PR,157,0.26
R8,P,R,R8PR,158,0.24
R8,P,R,R8PR,159,0.22
R8,P,R,R8PR,160,0.22
R8,P,R,R8PR,161,0.28
R8,P,R,R8PR,162,0.24
R8,P,R,R8PR,163,0.3
R8,P,R,R8PR,164,0.16
R8,P,R,R8PR,165,0.22
R8,P,R,R8PR,166,0.22
R8,P,R,R8PR,167,0.26
R8,P,R,R8PR,168,0.26
R8,P,R,R8PR,169,0.26
R8,P,R,R8PR,170,0.24
R8,P,R,R8PR,171,0.2
R8,P,R,R8PR,172,0.24
R8,P,R,R8PR,173,0.22
R8,P,R,R8PR,174,0.24
R8,P,R,R8PR,175,0.3
R8,P,R,R8PR,176,0.22
R8,P,R,R8PR,177,0.22
R8,P,R,R8PR,178,0.26
R8,P,R,R8PR,179,0.35
R8,P,R,R8PR,180,0.26
R8,P,R,R8PR,181,0.26
R8,P,R,R8PR,182,0.24
R8,P,R,R8PR,183,0.2
R8,P,R,R8PR,184,0.25
R8,P,R,R8PR,185,0.27
R8,P,R,R8PR,186,0.2
R8,P,R,R8PR,187,0.18
R8,P,R,R8PR,188,0.35
R8,P,R,R8PR,189,0.27
R8,P,R,R8PR,190,0.26
R8,P,R,R8PR,191,0.26
R8,P,R,R8PR,192,0.13
R8,P,R,R8PR,193,0.18
R8,P,R,R8PR,194,0.26
R8,P,R,R8PR,195,0.32
R8,P,R,R8PR,196,0.21
R8,P,R,R8PR,197,0.15
R8,P,R,R8PR,198,0.21
R8,P,R,R8PR,199,0.28
R8,P,R,R8PR,200,0.18
R8,P,R,R8PR,201,0.23
R8,P,R,R8PR,202,0.15
R8,P,R,R8PR,203,0.18
R8,P,R,R8PR,204,0.25
R8,P,R,R8PR,205,0.15
R8,P,R,R8PR,206,0.17
R8,P,R,R8PR,207,0.27
R8,P,R,R8PR,208,0.38
R8,P,R,R8PR,209,0.22
RC,NL,M,RCNLM,1,0.95
RC,NL,M,RCNLM,2,0.95
RC,NL,M,RCNLM,3,0.98
RC,NL,M,RCNLM,4,0.88
RC,NL,M,RCNLM,5,0.6
RC,NL,M,RCNLM,6,0.65
RC,NL,M,RCNLM,7,0.65
RC,NL,M,RCNLM,8,0.55
RC,NL,M,RCNLM,9,0.52
RC,NL,M,RCNLM,10,0.62
RC,NL,M,RCNLM,11,0.88
RC,NL,M,RCNLM,12,0.92
RC,NL,M,RCNLM,13,0.88
RC,NL,M,RCNLM,14,0.8
RC,NL,M,RCNLM,15,0.95
RC,NL,M,RCNLM,16,0.92
RC,NL,M,RCNLM,17,0.88
RC,NL,M,RCNLM,18,0.72
RC,NL,M,RCNLM,19,0.78
RC,NL,M,RCNLM,20,0.85
RC,NL,M,RCNLM,21,0.75
RC,NL,M,RCNLM,22,0.68
RC,NL,M,RCNLM,23,0.78
RC,NL,M,RCNLM,24,0.7
RC,NL,M,RCNLM,25,0.85
RC,NL,M,RCNLM,26,0.88
RC,NL,M,RCNLM,27,0.7
RC,NL,M,RCNLM,28,0.8
RC,NL,M,RCNLM,29,0.65
RC,NL,M,RCNLM,30,0.6
RC,NL,M,RCNLM,31,0.68
RC,NL,M,RCNLM,32,0.58
RC,NL,M,RCNLM,33,0.58
RC,NL,M,RCNLM,34,0.7
RC,NL,M,RCNLM,35,0.62
RC,NL,M,RCNLM,36,0.52
RC,NL,M,RCNLM,37,0.45
RC,NL,M,RCNLM,38,0.52
RC,NL,M,RCNLM,39,0.55
RC,NL,M,RCNLM,40,0.56
RC,NL,M,RCNLM,41,0.72
RC,NL,M,RCNLM,42,0.64
RC,NL,M,RCNLM,43,0.61
RC,NL,M,RCNLM,44,0.59
RC,NL,M,RCNLM,45,0.57
RC,NL,M,RCNLM,46,0.63
RC,NL,M,RCNLM,47,0.57
RC,NL,M,RCNLM,48,0.56
RC,NL,M,RCNLM,49,0.56
RC,NL,M,RCNLM,50,0.59
RC,NL,M,RCNLM,51,0.56
RC,NL,M,RCNLM,52,0.51
RC,NL,M,RCNLM,53,0.56
RC,NL,M,RCNLM,54,0.68
RC,NL,M,RCNLM,55,0.63
RC,NL,M,RCNLM,56,0.49
RC,NL,M,RCNLM,57,0.44
RC,NL,M,RCNLM,58,0.39
RC,NL,M,RCNLM,59,0.36
RC,NL,M,RCNLM,60,0.39
RC,NL,M,RCNLM,61,0.34
RC,NL,M,RCNLM,62,0.36
RC,NL,M,RCNLM,63,0.34
RC,NL,M,RCNLM,64,0.4
RC,NL,M,RCNLM,65,0.19
RC,NL,M,RCNLM,66,0.58
RC,NL,M,RCNLM,67,0.71
RC,NL,M,RCNLM,68,0.51
RC,NL,M,RCNLM,69,0.49
RC,NL,M,RCNLM,70,0.47
RC,NL,M,RCNLM,71,0.32
RC,NL,M,RCNLM,72,0.32
RC,NL,M,RCNLM,73,0.4
RC,NL,M,RCNLM,74,0.43
RC,NL,M,RCNLM,75,0.34
RC,NL,M,RCNLM,76,0.27
RC,NL,M,RCNLM,77,0.23
RC,NL,M,RCNLM,78,0.34
RC,NL,M,RCNLM,79,0.32
RC,NL,M,RCNLM,80,0.49
RC,NL,M,RCNLM,81,0.43
RC,NL,M,RCNLM,82,0.25
RC,NL,M,RCNLM,83,0.4
RC,NL,M,RCNLM,84,0.3
RC,NL,M,RCNLM,85,0.36
RC,NL,M,RCNLM,86,0.3
RC,NL,M,RCNLM,87,0.32
RC,NL,M,RCNLM,88,0.38
RC,NL,M,RCNLM,89,0.45
RC,NL,M,RCNLM,90,0.32
RC,NL,M,RCNLM,91,0.27
RC,NL,M,RCNLM,92,0.21
RC,NL,M,RCNLM,93,0.27
RC,NL,M,RCNLM,94,0.27
RC,NL,M,RCNLM,95,0.32
RC,NL,M,RCNLM,96,0.32
RC,NL,M,RCNLM,97,0.32
RC,NL,M,RCNLM,98,0.34
RC,NL,M,RCNLM,99,0.28
RC,NL,M,RCNLM,100,0.32
RC,NL,M,RCNLM,101,0.23
RC,NL,M,RCNLM,102,0.21
RC,NL,M,RCNLM,103,0.21
RC,NL,M,RCNLM,104,0.19
RC,NL,M,RCNLM,105,0.26
RC,NL,M,RCNLM,106,0.26
RC,NL,M,RCNLM,107,0.26
RC,NL,M,RCNLM,108,0.26
RC,NL,M,RCNLM,109,0.33
RC,NL,M,RCNLM,110,0.24
RC,NL,M,RCNLM,111,0.33
RC,NL,M,RCNLM,112,0.3
RC,NL,M,RCNLM,113,0.4
RC,NL,M,RCNLM,114,0.33
RC,NL,M,RCNLM,115,0.28
RC,NL,M,RCNLM,116,0.33
RC,NL,M,RCNLM,117,0.3
RC,NL,M,RCNLM,118,0.26
RC,NL,M,RCNLM,119,0.19
RC,NL,M,RCNLM,120,0.21
RC,NL,M,RCNLM,121,0.3
RC,NL,M,RCNLM,122,0.26
RC,NL,M,RCNLM,123,0.24
RC,NL,M,RCNLM,124,0.24
RC,NL,M,RCNLM,125,0.4
RC,NL,M,RCNLM,126,0.21
RC,NL,M,RCNLM,127,0.28
RC,NL,M,RCNLM,128,0.33
RC,NL,M,RCNLM,129,0.24
RC,NL,M,RCNLM,130,0.24
RC,NL,M,RCNLM,131,0.3
RC,NL,M,RCNLM,132,0.44
RC,NL,M,RCNLM,133,0.3
RC,NL,M,RCNLM,134,0.29
RC,NL,M,RCNLM,135,0.22
RC,NL,M,RCNLM,136,0.33
RC,NL,M,RCNLM,137,0.15
RC,NL,M,RCNLM,138,0.27
RC,NL,M,RCNLM,139,0.22
RC,NL,M,RCNLM,140,0.15
RC,NL,M,RCNLM,141,0.2
RC,NL,M,RCNLM,142,0.2
RC,NL,M,RCNLM,143,0.2
RC,NL,M,RCNLM,144,0.17
RC,NL,M,RCNLM,145,0.22
RC,NL,M,RCNLM,146,0.24
RC,NL,M,RCNLM,147,0.17
RC,NL,M,RCNLM,148,0.26
RC,NL,M,RCNLM,149,0.23
RC,NL,M,RCNLM,150,0.23
RC,NL,M,RCNLM,151,0.31
RC,NL,T,RCNLT,1,0.77
RC,NL,T,RCNLT,2,0.77
RC,NL,T,RCNLT,3,0.77
RC,NL,T,RCNLT,4,0.77
RC,NL,T,RCNLT,5,0.58
RC,NL,T,RCNLT,6,0.49
RC,NL,T,RCNLT,7,0.47
RC,NL,T,RCNLT,8,0.43
RC,NL,T,RCNLT,9,0.47
RC,NL,T,RCNLT,10,0.37
RC,NL,T,RCNLT,11,0.61
RC,NL,T,RCNLT,12,0.59
RC,NL,T,RCNLT,13,0.49
RC,NL,T,RCNLT,14,0.43
RC,NL,T,RCNLT,15,0.55
RC,NL,T,RCNLT,16,0.39
RC,NL,T,RCNLT,17,0.61
RC,NL,T,RCNLT,18,0.73
RC,NL,T,RCNLT,19,0.57
RC,NL,T,RCNLT,20,0.37
RC,NL,T,RCNLT,21,0.48
RC,NL,T,RCNLT,22,0.43
RC,NL,T,RCNLT,23,0.37
RC,NL,T,RCNLT,24,0.33
RC,NL,T,RCNLT,25,0.45
RC,NL,T,RCNLT,26,0.43
RC,NL,T,RCNLT,27,0.37
RC,NL,T,RCNLT,28,0.37
RC,NL,T,RCNLT,29,0.35
RC,NL,T,RCNLT,30,0.33
RC,NL,T,RCNLT,31,0.36
RC,NL,T,RCNLT,32,0.43
RC,NL,T,RCNLT,33,0.33
RC,NL,T,RCNLT,34,0.5
RC,NL,T,RCNLT,35,0.41
RC,NL,T,RCNLT,36,0.37
RC,NL,T,RCNLT,37,0.35
RC,NL,T,RCNLT,38,0.2
RC,NL,T,RCNLT,39,0.41
RC,NL,T,RCNLT,40,0.45
RC,NL,T,RCNLT,41,0.31
RC,NL,T,RCNLT,42,0.33
RC,NL,T,RCNLT,43,0.31
RC,NL,T,RCNLT,44,0.33
RC,NL,T,RCNLT,45,0.33
RC,NL,T,RCNLT,46,0.25
RC,NL,T,RCNLT,47,0.39
RC,NL,T,RCNLT,48,0.41
RC,NL,T,RCNLT,49,0.37
RC,NL,T,RCNLT,50,0.47
RC,NL,T,RCNLT,51,0.47
RC,NL,T,RCNLT,52,0.34
RC,NL,T,RCNLT,53,0.32
RC,NL,T,RCNLT,54,0.35
RC,NL,T,RCNLT,55,0.3
RC,NL,T,RCNLT,56,0.34
RC,NL,T,RCNLT,57,0.45
RC,NL,T,RCNLT,58,0.28
RC,NL,T,RCNLT,59,0.3
RC,NL,T,RCNLT,60,0.37
RC,NL,T,RCNLT,61,0.39
RC,NL,T,RCNLT,62,0.35
RC,NL,T,RCNLT,63,0.49
RC,NL,T,RCNLT,64,0.43
RC,NL,T,RCNLT,65,0.37
RC,NL,T,RCNLT,66,0.39
RC,NL,T,RCNLT,67,0.39
RC,NL,T,RCNLT,68,0.39
RC,NL,T,RCNLT,69,0.3
RC,NL,T,RCNLT,70,0.28
RC,NL,T,RCNLT,71,0.26
RC,NL,T,RCNLT,72,0.3
RC,NL,T,RCNLT,73,0.34
RC,NL,T,RCNLT,74,0.26
RC,NL,T,RCNLT,75,0.35
RC,NL,T,RCNLT,76,0.3
RC,NL,T,RCNLT,77,0.32
RC,NL,T,RCNLT,78,0.22
RC,NL,T,RCNLT,79,0.3
RC,NL,T,RCNLT,80,0.3
RC,NL,T,RCNLT,81,0.3
RC,NL,T,RCNLT,82,0.22
RC,NL,T,RCNLT,83,0.2
RC,NL,T,RCNLT,84,0.24
RC,NL,T,RCNLT,85,0.26
RC,NL,T,RCNLT,86,0.24
RC,NL,T,RCNLT,87,0.22
RC,NL,T,RCNLT,88,0.24
RC,NL,T,RCNLT,89,0.3
RC,NL,T,RCNLT,90,0.22
RC,NL,T,RCNLT,91,0.16
RC,NL,T,RCNLT,92,0.26
RC,NL,T,RCNLT,93,0.14
RC,NL,T,RCNLT,94,0.12
RC,NL,T,RCNLT,95,0.2
RC,NL,T,RCNLT,96,0.2
RC,NL,T,RCNLT,97,0.26
RC,NL,T,RCNLT,98,0.22
RC,NL,T,RCNLT,99,0.16
RC,NL,T,RCNLT,100,0.26
RC,NL,T,RCNLT,101,0.34
RC,NL,T,RCNLT,102,0.34
RC,NL,T,RCNLT,103,0.37
RC,NL,T,RCNLT,104,0.34
RC,NL,T,RCNLT,105,0.32
RC,NL,T,RCNLT,106,0.2
RC,NL,T,RCNLT,107,0.34
RC,NL,T,RCNLT,108,0.34
RC,NL,T,RCNLT,109,0.34
RC,NL,T,RCNLT,110,0.34
RC,NL,T,RCNLT,111,0.28
RC,NL,T,RCNLT,112,0.3
RC,NL,T,RCNLT,113,0.34
RC,NL,T,RCNLT,114,0.22
RC,NL,T,RCNLT,115,0.22
RC,NL,T,RCNLT,116,0.18
RC,NL,T,RCNLT,117,0.14
RC,NL,T,RCNLT,118,0.22
RC,NL,T,RCNLT,119,0.16
RC,NL,T,RCNLT,120,0.2
RC,NL,T,RCNLT,121,0.24
RC,NL,T,RCNLT,122,0.29
RC,NL,T,RCNLT,123,0.16
RC,NL,T,RCNLT,124,0.12
RC,NL,T,RCNLT,125,0.16
RC,NL,T,RCNLT,126,0.27
RC,NL,T,RCNLT,127,0.22
RC,NL,T,RCNLT,128,0.18
RC,NL,T,RCNLT,129,0.22
RC,NL,T,RCNLT,130,0.22
RC,NL,T,RCNLT,131,0.33
RC,NL,T,RCNLT,132,0.3
RC,NL,T,RCNLT,133,0.18
RC,NL,T,RCNLT,134,0.2
RC,NL,T,RCNLT,135,0.22
RC,NL,T,RCNLT,136,0.3
RC,NL,T,RCNLT,137,0.24
RC,NL,T,RCNLT,138,0.22
RC,NL,T,RCNLT,139,0.3
RC,NL,T,RCNLT,140,0.3
RC,NL,T,RCNLT,141,0.32
RC,NL,T,RCNLT,142,0.18
RC,NL,T,RCNLT,143,0.26
RC,NL,T,RCNLT,144,0.28
RC,NL,T,RCNLT,145,0.2
RC,NL,T,RCNLT,146,0.12
RC,NL,T,RCNLT,147,0.18
RC,NL,T,RCNLT,148,0.12
RC,NL,T,RCNLT,149,0.14
RC,NL,T,RCNLT,150,0.16
RC,NL,T,RCNLT,151,0.16
RC,NL,T,RCNLT,152,0.22
RC,NL,T,RCNLT,153,0.14
RC,NL,T,RCNLT,154,0.22
RC,NL,T,RCNLT,155,0.24
RC,NL,T,RCNLT,156,0.12
RC,NL,T,RCNLT,157,0.16
RC,NL,T,RCNLT,158,0.2
RC,NL,T,RCNLT,159,0.24
RC,NL,T,RCNLT,160,0.34
RC,NL,T,RCNLT,161,0.28
RC,NL,T,RCNLT,162,0.18
RC,NL,T,RCNLT,163,0.19
RC,NL,T,RCNLT,164,0.21
RC,NL,T,RCNLT,165,0.3
RC,NL,T,RCNLT,166,0.23
RC,NL,T,RCNLT,167,0.27
RC,NL,T,RCNLT,168,0.21
RC,NL,T,RCNLT,169,0.17
RC,NL,T,RCNLT,170,0.19
RC,NL,T,RCNLT,171,0.21
RC,NL,T,RCNLT,172,0.17
RC,NL,T,RCNLT,173,0.21
RC,NL,T,RCNLT,174,0.14
RC,NL,T,RCNLT,175,0.19
RC,NL,T,RCNLT,176,0.12
RC,NL,T,RCNLT,177,0.19
RC,NL,T,RCNLT,178,0.21
RC,NL,T,RCNLT,179,0.19
RC,NL,T,RCNLT,180,0.14
RC,NL,T,RCNLT,181,0.14
RC,NL,T,RCNLT,182,0.17
RC,NL,T,RCNLT,183,0.17
RC,NL,T,RCNLT,184,0.21
RC,NL,T,RCNLT,185,0.21
RC,NL,T,RCNLT,186,0.15
RC,NL,T,RCNLT,187,0.17
RC,NL,T,RCNLT,188,0.21
RC,NL,T,RCNLT,189,0.21
RC,NL,T,RCNLT,190,0.15
RC,NL,T,RCNLT,191,0.27
RC,NL,T,RCNLT,192,0.29
RC,NL,T,RCNLT,193,0.29
RC,NL,T,RCNLT,194,0.39
RC,NL,T,RCNLT,195,0.27
RC,NL,T,RCNLT,196,0.33
RC,NL,T,RCNLT,197,0.33
RC,NL,T,RCNLT,198,0.31
RC,NL,T,RCNLT,199,0.25
RC,NL,T,RCNLT,200,0.18
RC,NL,T,RCNLT,201,0.1
RC,NL,T,RCNLT,202,0.16
RC,NL,T,RCNLT,203,0.18
RC,NL,T,RCNLT,204,0.16
RC,NL,T,RCNLT,205,0.26
RC,NL,T,RCNLT,206,0.37
RC,NL,T,RCNLT,207,0.3
RC,SWL,T,RCSWLT,1,0.7
RC,SWL,T,RCSWLT,2,0.82
RC,SWL,T,RCSWLT,3,0.76
RC,SWL,T,RCSWLT,4,0.72
RC,SWL,T,RCSWLT,5,0.52
RC,SWL,T,RCSWLT,6,0.58
RC,SWL,T,RCSWLT,7,0.6
RC,SWL,T,RCSWLT,8,0.54
RC,SWL,T,RCSWLT,9,0.52
RC,SWL,T,RCSWLT,10,0.54
RC,SWL,T,RCSWLT,11,0.62
RC,SWL,T,RCSWLT,12,0.68
RC,SWL,T,RCSWLT,13,0.72
RC,SWL,T,RCSWLT,14,0.66
RC,SWL,T,RCSWLT,15,0.66
RC,SWL,T,RCSWLT,16,0.68
RC,SWL,T,RCSWLT,17,0.7
RC,SWL,T,RCSWLT,18,0.6
RC,SWL,T,RCSWLT,19,0.71
RC,SWL,T,RCSWLT,20,0.76
RC,SWL,T,RCSWLT,21,0.69
RC,SWL,T,RCSWLT,22,0.74
RC,SWL,T,RCSWLT,23,0.9
RC,SWL,T,RCSWLT,24,0.78
RC,SWL,T,RCSWLT,25,0.85
RC,SWL,T,RCSWLT,26,0.74
RC,SWL,T,RCSWLT,27,0.78
RC,SWL,T,RCSWLT,28,0.78
RC,SWL,T,RCSWLT,29,0.78
RC,SWL,T,RCSWLT,30,0.85
RC,SWL,T,RCSWLT,31,0.9
RC,SWL,T,RCSWLT,32,0.9
RC,SWL,T,RCSWLT,33,0.78
RC,SWL,T,RCSWLT,34,0.71
RC,SWL,T,RCSWLT,35,0.74
RC,SWL,T,RCSWLT,36,0.76
RC,SWL,T,RCSWLT,37,0.67
RC,SWL,T,RCSWLT,38,0.69
RC,SWL,T,RCSWLT,39,0.62
RC,SWL,T,RCSWLT,40,0.71
RC,SWL,T,RCSWLT,41,0.74
RC,SWL,T,RCSWLT,42,0.76
RC,SWL,T,RCSWLT,43,0.85
RC,SWL,T,RCSWLT,44,0.69
RC,SWL,T,RCSWLT,45,0.69
RC,SWL,T,RCSWLT,46,0.65
RC,SWL,T,RCSWLT,47,0.69
RC,SWL,T,RCSWLT,48,0.74
RC,SWL,T,RCSWLT,49,0.78
RC,SWL,T,RCSWLT,50,0.8
RC,SWL,T,RCSWLT,51,0.8
RC,SWL,T,RCSWLT,52,0.57
RC,SWL,T,RCSWLT,53,0.77
RC,SWL,T,RCSWLT,54,0.7
RC,SWL,T,RCSWLT,55,0.77
RC,SWL,T,RCSWLT,56,0.66
RC,SWL,T,RCSWLT,57,0.68
RC,SWL,T,RCSWLT,58,0.59
RC,SWL,T,RCSWLT,59,0.54
RC,SWL,T,RCSWLT,60,0.7
RC,SWL,T,RCSWLT,61,0.7
RC,SWL,T,RCSWLT,62,0.66
RC,SWL,T,RCSWLT,63,0.65
RC,SWL,T,RCSWLT,64,0.5
RC,SWL,T,RCSWLT,65,0.6
RC,SWL,T,RCSWLT,66,0.46
RC,SWL,T,RCSWLT,67,0.48
RC,SWL,T,RCSWLT,68,0.29
RC,SWL,T,RCSWLT,69,0.34
RC,SWL,T,RCSWLT,70,0.31
RC,SWL,T,RCSWLT,71,0.31
RC,SWL,T,RCSWLT,72,0.34
RC,SWL,T,RCSWLT,73,0.27
RC,SWL,T,RCSWLT,74,0.51
RC,SWL,T,RCSWLT,75,0.58
RC,SWL,T,RCSWLT,76,0.6
RC,SWL,T,RCSWLT,77,0.4
RC,SWL,T,RCSWLT,78,0.58
RC,SWL,T,RCSWLT,79,0.46
RC,SWL,T,RCSWLT,80,0.33
RC,SWL,T,RCSWLT,81,0.3
RC,SWL,T,RCSWLT,82,0.28
RC,SWL,T,RCSWLT,83,0.35
RC,SWL,T,RCSWLT,84,0.33
RC,SWL,T,RCSWLT,85,0.37
RC,SWL,T,RCSWLT,86,0.35
RC,SWL,T,RCSWLT,87,0.49
RC,SWL,T,RCSWLT,88,0.55
RC,SWL,T,RCSWLT,89,0.46
RC,SWL,T,RCSWLT,90,0.55
RC,SWL,T,RCSWLT,91,0.53
RC,SWL,T,RCSWLT,92,0.44
RC,SWL,T,RCSWLT,93,0.46
RC,SWL,T,RCSWLT,94,0.53
RC,SWL,T,RCSWLT,95,0.37
RC,SWL,T,RCSWLT,96,0.33
RC,SWL,T,RCSWLT,97,0.35
RC,SWL,T,RCSWLT,98,0.37
RC,SWL,T,RCSWLT,99,0.3
RC,SWL,T,RCSWLT,100,0.3
RC,SWL,T,RCSWLT,101,0.28
RC,SWL,T,RCSWLT,102,0.24
RC,SWL,T,RCSWLT,103,0.28
RC,SWL,T,RCSWLT,104,0.33
RC,SWL,T,RCSWLT,105,0.26
RC,SWL,T,RCSWLT,106,0.37
RC,SWL,T,RCSWLT,107,0.35
RC,SWL,T,RCSWLT,108,0.26
RC,SWL,T,RCSWLT,109,0.26
RC,SWL,T,RCSWLT,110,0.19
RC,SWL,T,RCSWLT,111,0.26
RC,SWL,T,RCSWLT,112,0.19
RC,SWL,T,RCSWLT,113,0.24
RC,SWL,T,RCSWLT,114,0.28
RC,SWL,T,RCSWLT,115,0.28
RC,SWL,T,RCSWLT,116,0.3
RC,SWL,T,RCSWLT,117,0.21
RC,SWL,T,RCSWLT,118,0.26
RC,SWL,T,RCSWLT,119,0.24
RC,SWL,T,RCSWLT,120,0.29
RC,SWL,T,RCSWLT,121,0.45
RC,SWL,T,RCSWLT,122,0.33
RC,SWL,T,RCSWLT,123,0.24
RC,SWL,T,RCSWLT,124,0.24
RC,SWL,T,RCSWLT,125,0.19
RC,SWL,T,RCSWLT,126,0.15
RC,SWL,T,RCSWLT,127,0.19
RC,SWL,T,RCSWLT,128,0.33
RC,SWL,T,RCSWLT,129,0.22
RC,SWL,T,RCSWLT,130,0.24
RC,SWL,T,RCSWLT,131,0.33
RC,SWL,T,RCSWLT,132,0.36
RC,SWL,T,RCSWLT,133,0.24
RC,SWL,T,RCSWLT,134,0.33
RC,SWL,T,RCSWLT,135,0.43
RC,SWL,T,RCSWLT,136,0.24
RC,SWL,T,RCSWLT,137,0.26
RC,SWL,T,RCSWLT,138,0.29
RC,SWL,T,RCSWLT,139,0.22
RC,SWL,T,RCSWLT,140,0.24
RC,SWL,T,RCSWLT,141,0.33
RC,SWL,T,RCSWLT,142,0.22
RC,SWL,T,RCSWLT,143,0.24
RC,SWL,T,RCSWLT,144,0.15
RC,SWL,T,RCSWLT,145,0.24
RC,SWL,T,RCSWLT,146,0.26
RC,SWL,T,RCSWLT,147,0.36
RC,SWL,T,RCSWLT,148,0.26
RC,SWL,T,RCSWLT,149,0.31
RC,SWL,T,RCSWLT,150,0.24
RC,SWL,T,RCSWLT,151,0.36
RC,SWL,T,RCSWLT,152,0.24
RC,SWL,T,RCSWLT,153,0.24
RC,SWL,T,RCSWLT,154,0.22
RC,SWL,T,RCSWLT,155,0.45
RC,SWL,T,RCSWLT,156,0.33
RC,SWL,T,RCSWLT,157,0.31
RC,SWL,T,RCSWLT,158,0.29
RC,SWL,T,RCSWLT,159,0.26
RC,SWL,T,RCSWLT,160,0.33
RC,SWL,T,RCSWLT,161,0.38
RC,SWL,T,RCSWLT,162,0.45
RC,SWL,T,RCSWLT,163,0.26
RC,SWL,T,RCSWLT,164,0.26
RC,SWL,T,RCSWLT,165,0.33
RC,SWL,T,RCSWLT,166,0.43
RC,SWL,T,RCSWLT,167,0.31
RC,SWL,T,RCSWLT,168,0.31
RC,SWL,T,RCSWLT,169,0.31
RC,SWL,T,RCSWLT,170,0.24
RC,SWL,T,RCSWLT,171,0.29
RC,SWL,T,RCSWLT,172,0.19
RC,SWL,T,RCSWLT,173,0.31
RC,SWL,T,RCSWLT,174,0.26
RC,SWL,T,RCSWLT,175,0.43
SN,SJER,M,SNSJERM,1,0.92
SN,SJER,M,SNSJERM,2,0.86
SN,SJER,M,SNSJERM,3,0.92
SN,SJER,M,SNSJERM,4,0.9
SN,SJER,M,SNSJERM,5,0.53
SN,SJER,M,SNSJERM,6,0.63
SN,SJER,M,SNSJERM,7,0.55
SN,SJER,M,SNSJERM,8,0.59
SN,SJER,M,SNSJERM,9,0.43
SN,SJER,M,SNSJERM,10,0.51
SN,SJER,M,SNSJERM,11,0.59
SN,SJER,M,SNSJERM,12,0.73
SN,SJER,M,SNSJERM,13,0.79
SN,SJER,M,SNSJERM,14,0.77
SN,SJER,M,SNSJERM,15,0.79
SN,SJER,M,SNSJERM,16,0.81
SN,SJER,M,SNSJERM,17,0.94
SN,SJER,M,SNSJERM,18,0.86
SN,SJER,M,SNSJERM,19,0.81
SN,SJER,M,SNSJERM,20,0.75
SN,SJER,M,SNSJERM,21,0.75
SN,SJER,M,SNSJERM,22,0.65
SN,SJER,M,SNSJERM,23,0.49
SN,SJER,M,SNSJERM,24,0.73
SN,SJER,M,SNSJERM,25,0.55
SN,SJER,M,SNSJERM,26,0.55
SN,SJER,M,SNSJERM,27,0.57
SN,SJER,M,SNSJERM,28,0.65
SN,SJER,M,SNSJERM,29,0.67
SN,SJER,M,SNSJERM,30,0.79
SN,SJER,M,SNSJERM,31,0.77
SN,SJER,M,SNSJERM,32,0.69
SN,SJER,M,SNSJERM,33,0.55
SN,SJER,M,SNSJERM,34,0.53
SN,SJER,M,SNSJERM,35,0.41
SN,SJER,M,SNSJERM,36,0.55
SN,SJER,M,SNSJERM,37,0.47
SN,SJER,M,SNSJERM,38,0.39
SN,SJER,M,SNSJERM,39,0.57
SN,SJER,M,SNSJERM,40,0.77
SN,SJER,M,SNSJERM,41,0.63
SN,SJER,M,SNSJERM,42,0.71
SN,SJER,M,SNSJERM,43,0.49
SN,SJER,M,SNSJERM,44,0.63
SN,SJER,M,SNSJERM,45,0.47
SN,SJER,M,SNSJERM,46,0.37
SN,SJER,M,SNSJERM,47,0.39
SN,SJER,M,SNSJERM,48,0.39
SN,SJER,M,SNSJERM,49,0.43
SN,SJER,M,SNSJERM,50,0.24
SN,SJER,M,SNSJERM,51,0.47
SN,SJER,M,SNSJERM,52,0.49
SN,SJER,M,SNSJERM,53,0.37
SN,SJER,M,SNSJERM,54,0.43
SN,SJER,M,SNSJERM,55,0.37
SN,SJER,M,SNSJERM,56,0.43
SN,SJER,M,SNSJERM,57,0.26
SN,SJER,M,SNSJERM,58,0.41
SN,SJER,M,SNSJERM,59,0.45
SN,SJER,M,SNSJERM,60,0.53
SN,SJER,M,SNSJERM,61,0.63
SN,SJER,M,SNSJERM,62,0.49
SN,SJER,M,SNSJERM,63,0.52
SN,SJER,M,SNSJERM,64,0.37
SN,SJER,M,SNSJERM,65,0.43
SN,SJER,M,SNSJERM,66,0.49
SN,SJER,M,SNSJERM,67,0.51
SN,SJER,M,SNSJERM,68,0.57
SN,SJER,M,SNSJERM,69,0.51
SN,SJER,M,SNSJERM,70,0.53
SN,SJER,M,SNSJERM,71,0.49
SN,SJER,M,SNSJERM,72,0.26
SN,SJER,M,SNSJERM,73,0.32
SN,SJER,M,SNSJERM,74,0.37
SN,SJER,M,SNSJERM,75,0.53
SN,SJER,M,SNSJERM,76,0.39
SN,SJER,M,SNSJERM,77,0.39
SN,SJER,M,SNSJERM,78,0.41
SN,SJER,M,SNSJERM,79,0.32
SN,SJER,M,SNSJERM,80,0.37
SN,SJER,M,SNSJERM,81,0.34
SN,SJER,M,SNSJERM,82,0.43
SN,SJER,M,SNSJERM,83,0.37
SN,SJER,M,SNSJERM,84,0.47
SN,SJER,M,SNSJERM,85,0.49
SN,SJER,M,SNSJERM,86,0.43
SN,SJER,M,SNSJERM,87,0.37
SN,SJER,M,SNSJERM,88,0.41
SN,SJER,M,SNSJERM,89,0.6
SN,SJER,M,SNSJERM,90,0.38
SN,SJER,M,SNSJERM,91,0.65
SN,SJER,M,SNSJERM,92,0.38
SN,SJER,M,SNSJERM,93,0.48
SN,SJER,M,SNSJERM,94,0.42
SN,SJER,M,SNSJERM,95,0.42
SN,SJER,M,SNSJERM,96,0.48
SN,SJER,M,SNSJERM,97,0.4
SN,SJER,M,SNSJERM,98,0.45
SN,SJER,M,SNSJERM,99,0.5
SN,SJER,M,SNSJERM,100,0.3
SN,SJER,M,SNSJERM,101,0.48
SN,SJER,M,SNSJERM,102,0.6
SN,SJER,M,SNSJERM,103,0.4
SN,SJER,M,SNSJERM,104,0.52
SN,SJER,M,SNSJERM,105,0.35
SN,SJER,M,SNSJERM,106,0.48
SN,SJER,M,SNSJERM,107,0.38
SN,SJER,M,SNSJERM,108,0.55
SN,SJER,M,SNSJERM,109,0.38
SN,SJER,M,SNSJERM,110,0.35
SN,SJER,M,SNSJERM,111,0.3
SN,SJER,M,SNSJERM,112,0.32
SN,SJER,M,SNSJERM,113,0.4
SN,SJER,M,SNSJERM,114,0.35
SN,SJER,M,SNSJERM,115,0.6
SN,SJER,M,SNSJERM,116,0.4
SN,SJER,M,SNSJERM,117,0.4
SN,SJER,M,SNSJERM,118,0.45
SN,SJER,M,SNSJERM,119,0.32
SN,SJER,M,SNSJERM,120,0.4
SN,SJER,M,SNSJERM,121,0.32
SN,SJER,M,SNSJERM,122,0.38
SN,SJER,M,SNSJERM,123,0.4
SN,SJER,M,SNSJERM,124,0.45
SN,SJER,M,SNSJERM,125,0.38
SN,SJER,M,SNSJERM,126,0.32
SN,SJER,M,SNSJERM,127,0.38
SN,SJER,M,SNSJERM,128,0.32
SN,SJER,M,SNSJERM,129,0.35
SN,SJER,M,SNSJERM,130,0.35
SN,SJER,M,SNSJERM,131,0.27
SN,SJER,M,SNSJERM,132,0.25
SN,SJER,M,SNSJERM,133,0.25
SN,SJER,M,SNSJERM,134,0.4
SN,SJER,M,SNSJERM,135,0.25
SN,SJER,M,SNSJERM,136,0.3
SN,SJER,R,SNSJERR,1,0.8
SN,SJER,R,SNSJERR,2,0.6
SN,SJER,R,SNSJERR,3,0.67
SN,SJER,R,SNSJERR,4,0.93
SN,SJER,R,SNSJERR,5,0.7
SN,SJER,R,SNSJERR,6,0.8
SN,SJER,R,SNSJERR,7,0.6
SN,SJER,R,SNSJERR,8,0.7
SN,SJER,R,SNSJERR,9,0.43
SN,SJER,R,SNSJERR,10,0.5
SN,SJER,R,SNSJERR,11,0.47
SN,SJER,R,SNSJERR,12,0.53
SN,SJER,R,SNSJERR,13,0.57
SN,SJER,R,SNSJERR,14,0.83
SN,SJER,R,SNSJERR,15,0.73
SN,SJER,R,SNSJERR,16,0.63
SN,SJER,R,SNSJERR,17,0.67
SN,SJER,R,SNSJERR,18,0.67
SN,SJER,R,SNSJERR,19,0.7
SN,SJER,R,SNSJERR,20,0.73
SN,SJER,R,SNSJERR,21,0.67
SN,SJER,R,SNSJERR,22,0.53
SN,SJER,R,SNSJERR,23,0.43
SN,SJER,R,SNSJERR,24,0.43
SN,SJER,R,SNSJERR,25,0.53
SN,SJER,R,SNSJERR,26,0.6
SN,SJER,R,SNSJERR,27,0.37
SN,SJER,R,SNSJERR,28,0.53
SN,SJER,R,SNSJERR,29,0.73
SN,SJER,R,SNSJERR,30,0.47
SN,SJER,R,SNSJERR,31,0.43
SN,SJER,R,SNSJERR,32,0.53
SN,SJER,R,SNSJERR,33,0.53
SN,SJER,R,SNSJERR,34,0.5
SN,SJER,R,SNSJERR,35,0.53
SN,SJER,R,SNSJERR,36,0.5
SN,SJER,R,SNSJERR,37,0.5
SN,SJER,R,SNSJERR,38,0.53
SN,SJER,R,SNSJERR,39,0.5
SN,SJER,R,SNSJERR,40,0.6
SN,SJER,R,SNSJERR,41,0.4
SN,SJER,R,SNSJERR,42,0.43
SN,SJER,R,SNSJERR,43,0.3
SN,SJER,R,SNSJERR,44,0.37
SN,SJER,R,SNSJERR,45,0.47
SN,SJER,R,SNSJERR,46,0.37
SN,SJER,R,SNSJERR,47,0.37
SN,SJER,R,SNSJERR,48,0.63
SN,SJER,R,SNSJERR,49,0.43
SN,SJER,R,SNSJERR,50,0.53
SN,SJER,R,SNSJERR,51,0.43
SN,SJER,R,SNSJERR,52,0.33
SN,SJER,R,SNSJERR,53,0.43
SN,SJER,R,SNSJERR,54,0.33
SN,SJER,R,SNSJERR,55,0.23
SN,SJER,R,SNSJERR,56,0.37
SN,SJER,R,SNSJERR,57,0.23
SN,SJER,R,SNSJERR,58,0.33
SN,SJER,R,SNSJERR,59,0.43
SN,SJER,R,SNSJERR,60,0.33
SN,SJER,R,SNSJERR,61,0.2
SN,SJER,T,SNSJERT,1,0.56
SN,SJER,T,SNSJERT,2,0.54
SN,SJER,T,SNSJERT,3,0.47
SN,SJER,T,SNSJERT,4,0.56
SN,SJER,T,SNSJERT,5,0.44
SN,SJER,T,SNSJERT,6,0.39
SN,SJER,T,SNSJERT,7,0.3
SN,SJER,T,SNSJERT,8,0.32
SN,SJER,T,SNSJERT,9,0.47
SN,SJER,T,SNSJERT,10,0.37
SN,SJER,T,SNSJERT,11,0.42
SN,SJER,T,SNSJERT,12,0.49
SN,SJER,T,SNSJERT,13,0.44
SN,SJER,T,SNSJERT,14,0.42
SN,SJER,T,SNSJERT,15,0.44
SN,SJER,T,SNSJERT,16,0.34
SN,SJER,T,SNSJERT,17,0.44
SN,SJER,T,SNSJERT,18,0.37
SN,SJER,T,SNSJERT,19,0.32
SN,SJER,T,SNSJERT,20,0.32
SN,SJER,T,SNSJERT,21,0.44
SN,SJER,T,SNSJERT,22,0.47
SN,SJER,T,SNSJERT,23,0.39
SN,SJER,T,SNSJERT,24,0.22
SN,SJER,T,SNSJERT,25,0.39
SN,SJER,T,SNSJERT,26,0.2
SN,SJER,T,SNSJERT,27,0.22
SN,SJER,T,SNSJERT,28,0.34
SN,SJER,T,SNSJERT,29,0.22
SN,SJER,T,SNSJERT,30,0.22
SN,SJER,T,SNSJERT,31,0.37
SN,SJER,T,SNSJERT,32,0.25
SN,SJER,T,SNSJERT,33,0.39
SN,SJER,T,SNSJERT,34,0.27
SN,SJER,T,SNSJERT,35,0.27
SN,SJER,T,SNSJERT,36,0.2
SN,SJER,T,SNSJERT,37,0.37
SN,SJER,T,SNSJERT,38,0.25
SN,SJER,T,SNSJERT,39,0.2
SN,SJER,T,SNSJERT,40,0.25
SN,SJER,T,SNSJERT,41,0.37
SN,SJER,T,SNSJERT,42,0.39
SN,SJER,T,SNSJERT,43,0.37
SN,SJER,T,SNSJERT,44,0.27
SN,SJER,T,SNSJERT,45,0.3
SN,SJER,T,SNSJERT,46,0.37
SN,SJER,T,SNSJERT,47,0.22
SN,SJER,T,SNSJERT,48,0.25
SN,SJER,T,SNSJERT,49,0.3
SN,SJER,T,SNSJERT,50,0.37
SN,SJER,T,SNSJERT,51,0.47
SN,SJER,T,SNSJERT,52,0.37
SN,SJER,T,SNSJERT,53,0.44
SN,SJER,T,SNSJERT,54,0.3
